35.325892078,-78.510957819,35.7298
35.325892083,-78.510957862,35.7225
35.325892084,-78.510957829,35.7257
35.325892092,-78.510957847,35.7219
35.325892093,-78.510957839,35.7206
35.325892095,-78.510957815,35.7224
35.325892092,-78.510957836,35.7241
35.325892096,-78.510957816,35.7242
35.325892096,-78.510957823,35.7213
35.325892102,-78.51095783,35.7213
35.325892103,-78.510957823,35.7228
35.325892089,-78.510957826,35.7241
35.325892103,-78.510957827,35.7208
35.325892091,-78.510957818,35.7224
35.325892098,-78.510957833,35.7222
35.325892097,-78.510957833,35.7216
35.325892103,-78.51095782,35.7223
35.325892101,-78.510957821,35.7199
35.325892094,-78.510957821,35.7206
35.325892093,-78.510957816,35.7188
35.325892082,-78.510957807,35.7189
35.325892065,-78.510957799,35.7162
35.325891991,-78.510957788,35.7186
35.325891904,-78.510957721,35.7177
35.325891753,-78.510957612,35.7182
35.32589154,-78.510957457,35.715
35.325891271,-78.510957235,35.7144
35.325890947,-78.510957029,35.7134
35.325890594,-78.510956766,35.7143
35.325890189,-78.510956501,35.7119
35.325889736,-78.510956189,35.7125
35.325889238,-78.510955861,35.7121
35.325888714,-78.51095548,35.7132
35.325888154,-78.510955115,35.711
35.325887538,-78.510954666,35.7103
35.325886866,-78.510954234,35.7119
35.325886177,-78.510953827,35.7112
35.325885451,-78.510953349,35.7122
35.325884703,-78.510952901,35.7108
35.325883899,-78.510952399,35.7152
35.325883057,-78.510951905,35.714
35.325882192,-78.510951433,35.7116
35.325881276,-78.510950931,35.7224
35.325880303,-78.510950421,35.7225
35.325879317,-78.510949915,35.7228
35.325878263,-78.510949403,35.7266
35.325877165,-78.510948913,35.7296
35.325876044,-78.510948385,35.7327
35.325874887,-78.510947891,35.7309
35.325873665,-78.510947423,35.7322
35.32587242,-78.510946933,35.7318
35.325871132,-78.510946418,35.7303
35.325869819,-78.510945958,35.7324
35.325868459,-78.510945471,35.7345
35.32586703,-78.510945001,35.7335
35.325865566,-78.510944553,35.7335
35.325864061,-78.510944059,35.735
35.325862519,-78.510943596,35.7391
35.325860928,-78.510943148,35.7404
35.325859268,-78.510942727,35.7411
35.325857542,-78.510942323,35.74
35.325855749,-78.510941927,35.7411
35.325853886,-78.510941597,35.7451
35.325851982,-78.510941262,35.7445
35.325850015,-78.510940932,35.7463
35.325847991,-78.510940634,35.7513
35.325845918,-78.510940381,35.755
35.325843787,-78.510940113,35.7522
35.325841553,-78.51093986,35.751
35.325839248,-78.510939638,35.7467
35.325836894,-78.510939442,35.7421
35.325834477,-78.510939286,35.7452
35.325832017,-78.510939196,35.742
35.325829517,-78.510939178,35.7434
35.325826958,-78.510939183,35.743
35.325824387,-78.510939198,35.7489
35.32582177,-78.510939236,35.7535
35.325819156,-78.510939279,35.7573
35.325816501,-78.510939374,35.7563
35.32581378,-78.510939486,35.7541
35.325810981,-78.510939639,35.7571
35.325808083,-78.510939815,35.7503
35.325805168,-78.510939998,35.752
35.325802172,-78.510940204,35.7481
35.325799127,-78.510940445,35.7601
35.32579603,-78.51094073,35.7676
35.325792882,-78.510941021,35.7719
35.325789697,-78.51094129,35.7808
35.325786476,-78.510941586,35.7814
35.325783206,-78.510941859,35.7894
35.325779895,-78.510942203,35.7907
35.325776521,-78.510942551,35.7852
35.32577307,-78.510942922,35.7947
35.325769535,-78.510943318,35.8004
35.325765937,-78.510943684,35.7987
35.325762264,-78.510944076,35.7979
35.325758468,-78.510944494,35.8022
35.32575459,-78.510944875,35.7971
35.325750683,-78.510945368,35.8074
35.32574673,-78.510945845,35.8084
35.325742698,-78.510946361,35.8078
35.325738565,-78.510946887,35.8039
35.325734406,-78.51094741,35.8049
35.325730187,-78.51094797,35.8062
35.325725905,-78.510948586,35.8062
35.325721541,-78.510949151,35.8061
35.325717133,-78.510949736,35.8085
35.325712621,-78.510950357,35.8085
35.325708054,-78.51095094,35.808
35.325703426,-78.510951534,35.8095
35.32569874,-78.510952145,35.8112
35.325693932,-78.510952773,35.8113
35.325689079,-78.510953456,35.808
35.325684199,-78.510954118,35.8055
35.325679218,-78.510954811,35.8094
35.325674171,-78.510955466,35.8115
35.325669106,-78.510956135,35.8076
35.325663955,-78.510956889,35.8038
35.325658762,-78.510957615,35.8083
35.325653479,-78.510958399,35.8137
35.325648144,-78.51095912,35.8118
35.325642742,-78.510959885,35.8191
35.325637311,-78.510960665,35.8165
35.325631809,-78.51096144,35.8187
35.325626246,-78.510962242,35.8191
35.325620625,-78.510963009,35.8251
35.325614969,-78.510963803,35.8201
35.325609222,-78.510964624,35.8247
35.325603439,-78.510965388,35.8249
35.325597592,-78.510966231,35.8327
35.325591709,-78.51096701,35.8293
35.325585744,-78.510967813,35.8317
35.325579754,-78.510968632,35.8265
35.325573675,-78.510969437,35.8359
35.325567562,-78.510970263,35.8356
35.325561385,-78.510971084,35.8342
35.325555157,-78.510971932,35.8373
35.325548856,-78.510972767,35.8402
35.325542482,-78.510973669,35.8479
35.325536061,-78.510974495,35.853
35.325529602,-78.510975359,35.8517
35.325523142,-78.510976305,35.8583
35.325516607,-78.510977208,35.861
35.325510025,-78.510978098,35.864
35.3255034,-78.51097897,35.8622
35.32549673,-78.510979869,35.8665
35.325489998,-78.51098077,35.8679
35.325483224,-78.510981691,35.8755
35.325476423,-78.510982571,35.8813
35.325469586,-78.510983524,35.8799
35.325462702,-78.510984411,35.8744
35.325455742,-78.510985354,35.8821
35.325448747,-78.510986301,35.8891
35.325441708,-78.510987231,35.8884
35.325434628,-78.51098823,35.8895
35.325427482,-78.510989182,35.8954
35.325420331,-78.51099015,35.8936
35.325413136,-78.510991111,35.895
35.325405859,-78.510992076,35.8988
35.325398579,-78.510993045,35.8964
35.325391232,-78.510994037,35.901
35.325383903,-78.510995073,35.9027
35.325376486,-78.510996051,35.9058
35.325369024,-78.51099704,35.9052
35.325361509,-78.510998052,35.9122
35.325353964,-78.510999042,35.9105
35.32534638,-78.511000063,35.909
35.325338774,-78.51100104,35.9118
35.325331111,-78.511002058,35.9165
35.325323412,-78.51100309,35.92
35.325315673,-78.511004103,35.9221
35.325307883,-78.511005136,35.925
35.325300063,-78.511006121,35.927
35.325292202,-78.511007151,35.9271
35.325284316,-78.511008199,35.9323
35.32527639,-78.511009227,35.9317
35.325268438,-78.511010236,35.9355
35.325260444,-78.511011232,35.9352
35.325252388,-78.511012261,35.9356
35.325244294,-78.511013305,35.9364
35.32523616,-78.511014308,35.9435
35.325228015,-78.511015371,35.9464
35.325219837,-78.51101641,35.9435
35.325211608,-78.511017449,35.9458
35.325203324,-78.5110185,35.9528
35.325195042,-78.51101956,35.9567
35.325186746,-78.511020588,35.9619
35.325178421,-78.511021615,35.9653
35.325170112,-78.51102267,35.966
35.325161782,-78.511023728,35.9674
35.325153484,-78.51102474,35.9688
35.325145216,-78.511025738,35.9676
35.325136957,-78.511026763,35.9703
35.325128716,-78.511027765,35.9752
35.325120529,-78.51102876,35.9743
35.325112393,-78.511029766,35.9777
35.325104304,-78.511030781,35.9767
35.325096234,-78.511031762,35.9861
35.325088205,-78.511032715,35.9931
35.325080234,-78.511033698,35.9975
35.325072331,-78.511034646,35.996
35.32506448,-78.511035611,35.9937
35.325056705,-78.511036617,36.0006
35.325048963,-78.51103757,36.0082
35.325041265,-78.511038516,36.0092
35.325033621,-78.511039464,36.0096
35.32502602,-78.511040413,36.0105
35.325018495,-78.511041335,36.0144
35.32501101,-78.511042267,36.0172
35.325003532,-78.511043205,36.0173
35.324996056,-78.511044147,36.0239
35.324988616,-78.511045091,36.0287
35.324981184,-78.511046011,36.0309
35.324973761,-78.511046951,36.0325
35.324966316,-78.511047895,36.0353
35.324958869,-78.511048807,36.0377
35.32495142,-78.511049768,36.0439
35.324943976,-78.51105071,36.0409
35.324936528,-78.511051658,36.0417
35.324929041,-78.511052592,36.0462
35.32492154,-78.511053539,36.0504
35.324914054,-78.511054514,36.0485
35.324906529,-78.511055489,36.048
35.324898976,-78.511056448,36.05
35.3248914,-78.511057433,36.053
35.324883802,-78.511058439,36.0544
35.32487618,-78.511059409,36.0569
35.324868538,-78.511060417,36.057
35.324860875,-78.511061396,36.0578
35.324853196,-78.511062421,36.0622
35.324845473,-78.511063443,36.0665
35.324837743,-78.511064483,36.0658
35.324830003,-78.511065547,36.0692
35.324822245,-78.511066622,36.07
35.324814459,-78.511067664,36.0741
35.324806697,-78.511068772,36.0738
35.32479892,-78.511069871,36.0795
35.324791124,-78.511070975,36.0803
35.32478331,-78.511072088,36.0855
35.3247755,-78.51107324,36.0892
35.324767703,-78.511074382,36.0925
35.324759898,-78.511075517,36.0915
35.324752078,-78.51107664,36.0956
35.324744268,-78.511077785,36.0982
35.324736447,-78.511078946,36.1015
35.324728623,-78.511080096,36.1051
35.324720806,-78.511081226,36.1087
35.324712985,-78.511082367,36.1124
35.324705179,-78.511083505,36.1113
35.324697361,-78.51108465,36.1146
35.324689529,-78.511085764,36.1198
35.324681705,-78.511086894,36.1222
35.324673883,-78.511088035,36.1281
35.324666064,-78.511089174,36.1321
35.324658244,-78.511090294,36.1321
35.324650435,-78.511091407,36.1365
35.324642627,-78.511092554,36.1385
35.324634822,-78.511093683,36.1405
35.324627023,-78.511094781,36.1428
35.324619213,-78.511095907,36.1463
35.32461142,-78.511097027,36.1473
35.32460363,-78.511098154,36.1502
35.324595889,-78.511099266,36.1497
35.324588103,-78.511100408,36.1527
35.324580312,-78.511101538,36.1531
35.324572521,-78.511102663,36.1559
35.324564742,-78.511103777,36.1568
35.324556972,-78.511104927,36.1579
35.324549211,-78.511106049,36.1594
35.324541451,-78.511107169,36.1608
35.324533686,-78.511108311,36.1619
35.324525925,-78.511109434,36.1655
35.324518158,-78.511110576,36.1672
35.324510414,-78.511111702,36.1683
35.324502656,-78.511112833,36.171
35.324494902,-78.511113975,36.1763
35.324487171,-78.511115105,36.1747
35.32447943,-78.511116237,36.1788
35.32447169,-78.511117371,36.1831
35.324463948,-78.511118505,36.1861
35.324456242,-78.511119662,36.1861
35.324448519,-78.511120804,36.1857
35.324440793,-78.511121963,36.1916
35.324433065,-78.511123118,36.1948
35.324425336,-78.511124249,36.2008
35.324417633,-78.511125391,36.201
35.324409922,-78.511126545,36.2027
35.324402197,-78.511127718,36.2052
35.324394476,-78.511128878,36.2104
35.324386762,-78.511130044,36.2125
35.324379056,-78.511131213,36.2132
35.32437135,-78.5111324,36.217
35.324363644,-78.511133555,36.2163
35.324355946,-78.511134703,36.2147
35.324348237,-78.511135849,36.2206
35.324340512,-78.511136985,36.2237
35.324332812,-78.511138132,36.2242
35.324325106,-78.511139278,36.2301
35.32431739,-78.511140419,36.2308
35.32430968,-78.511141544,36.2349
35.324301964,-78.511142701,36.2389
35.324294271,-78.51114381,36.2436
35.324286568,-78.51114493,36.2414
35.32427887,-78.511146071,36.2433
35.324271145,-78.511147218,36.2453
35.324263426,-78.511148342,36.2466
35.324255707,-78.511149475,36.2521
35.324248017,-78.511150595,36.2548
35.324240306,-78.511151727,36.257
35.324232592,-78.511152815,36.2563
35.324224862,-78.511153945,36.2633
35.324217128,-78.511155042,36.2681
35.324209416,-78.511156165,36.2688
35.324201701,-78.511157268,36.2694
35.324193977,-78.511158387,36.2709
35.324186273,-78.511159493,36.2735
35.324178531,-78.511160604,36.2742
35.324170803,-78.511161721,36.2772
35.324163072,-78.511162808,36.2787
35.324155345,-78.511163935,36.2822
35.324147615,-78.511165034,36.283
35.324139887,-78.511166133,36.2848
35.324132143,-78.511167211,36.2831
35.324124404,-78.51116831,36.2841
35.324116664,-78.511169397,36.2859
35.324108921,-78.511170484,36.2885
35.324101197,-78.511171561,36.2854
35.324093451,-78.511172634,36.2878
35.324085717,-78.511173719,36.2885
35.324077974,-78.511174785,36.2874
35.324070225,-78.511175887,36.2927
35.32406248,-78.511176957,36.2953
35.324054735,-78.511178023,36.2951
35.324046979,-78.511179079,36.2992
35.324039246,-78.511180163,36.3024
35.324031491,-78.511181227,36.3039
35.324023738,-78.511182302,36.3075
35.324015994,-78.511183363,36.3112
35.324008252,-78.511184428,36.3135
35.324000485,-78.511185498,36.3146
35.323992732,-78.511186549,36.3178
35.323984962,-78.511187541,36.3246
35.323977207,-78.511188542,36.325
35.323969451,-78.511189557,36.3292
35.323961712,-78.51119054,36.3288
35.323953968,-78.51119154,36.3327
35.323946208,-78.511192577,36.3353
35.323938457,-78.511193608,36.3395
35.323930715,-78.511194666,36.3412
35.323922964,-78.511195708,36.3433
35.323915209,-78.511196744,36.3452
35.323907453,-78.511197783,36.3474
35.323899702,-78.511198837,36.351
35.323891969,-78.511199893,36.3498
35.323884236,-78.511200946,36.3508
35.323876493,-78.511202003,36.3566
35.323868739,-78.511203077,36.3589
35.323860995,-78.511204179,36.3627
35.323853253,-78.511205301,36.3622
35.323845504,-78.511206401,36.3703
35.323837768,-78.511207458,36.3734
35.323830025,-78.511208556,36.3751
35.323822301,-78.511209623,36.376
35.323814554,-78.511210715,36.3771
35.323806819,-78.511211805,36.3792
35.323799091,-78.511212926,36.3835
35.323791343,-78.511214005,36.3866
35.323783589,-78.511215104,36.3917
35.323775853,-78.511216249,36.3919
35.323768124,-78.511217327,36.3967
35.323760392,-78.51121841,36.397
35.323752643,-78.511219493,36.4017
35.323744896,-78.5112206,36.4048
35.32373716,-78.511221691,36.4084
35.323729421,-78.511222793,36.4117
35.323721694,-78.511223845,36.412
35.323713947,-78.511224903,36.4139
35.323706216,-78.511225968,36.4159
35.32369847,-78.511227016,36.4188
35.323690721,-78.511228078,36.4188
35.323682981,-78.511229111,36.4239
35.323675257,-78.511230121,36.4283
35.323667543,-78.51123119,36.4191
35.323659806,-78.511232221,36.423
35.323652058,-78.511233255,36.4257
35.323644302,-78.511234288,36.4308
35.323636572,-78.51123532,36.4316
35.323628845,-78.511236315,36.4324
35.323621116,-78.51123732,36.435
35.323613365,-78.511238308,36.4361
35.323605617,-78.511239309,36.4382
35.323597882,-78.511240316,36.4407
35.323590149,-78.511241278,36.4428
35.323582411,-78.511242264,36.445
35.323574679,-78.511243275,36.4492
35.323566943,-78.511244292,36.4509
35.323559221,-78.511245311,36.4547
35.323551477,-78.511246301,36.4569
35.323543738,-78.511247308,36.4581
35.323535998,-78.511248321,36.4611
35.323528258,-78.51124932,36.4652
35.323520538,-78.51125035,36.4661
35.323512821,-78.511251386,36.4656
35.323505088,-78.511252384,36.4686
35.323497351,-78.511253429,36.4723
35.323489617,-78.511254487,36.4731
35.323481895,-78.511255522,36.4758
35.323474159,-78.511256572,36.478
35.323466429,-78.511257624,36.4808
35.323458705,-78.51125868,36.4859
35.323450987,-78.511259767,36.4839
35.323443266,-78.51126085,36.4863
35.323435545,-78.51126193,36.4878
35.323427808,-78.511263007,36.4911
35.323420066,-78.511264076,36.492
35.323412344,-78.511265163,36.495
35.323404668,-78.511266257,36.4972
35.323396994,-78.511267326,36.5008
35.323389293,-78.511268438,36.5057
35.323381577,-78.511269584,36.5121
35.323373872,-78.511270732,36.5211
35.323366159,-78.511271879,36.5271
35.323358483,-78.511273021,36.5312
35.323350787,-78.511274156,36.5345
35.3233431,-78.51127529,36.5379
35.323335423,-78.511276421,36.5452
35.323327736,-78.511277558,36.5467
35.323320041,-78.511278691,36.5494
35.32331237,-78.511279844,36.5505
35.323304687,-78.511280996,36.5537
35.323297012,-78.511282148,36.5568
35.323289333,-78.511283268,36.5589
35.323281647,-78.51128443,36.5634
35.323273987,-78.511285581,36.5659
35.323266309,-78.511286726,36.5703
35.323258639,-78.511287884,36.5743
35.323250951,-78.511289011,36.5797
35.323243271,-78.511290146,36.5834
35.323235603,-78.511291302,36.5846
35.323227922,-78.511292427,36.5869
35.323220231,-78.511293548,36.5914
35.323212544,-78.511294692,36.5949
35.323204886,-78.511295869,36.6045
35.323197209,-78.511296984,36.6067
35.323189521,-78.511298085,36.6085
35.323181819,-78.511299183,36.6112
35.323174129,-78.511300297,36.6138
35.323166444,-78.511301378,36.615
35.323158742,-78.51130248,36.6199
35.323151045,-78.511303574,36.6214
35.323143345,-78.511304655,36.6227
35.323135625,-78.511305724,36.6262
35.323127902,-78.511306814,36.6249
35.32312018,-78.511307877,36.6276
35.323112467,-78.511308945,36.6317
35.323104748,-78.511310003,36.633
35.323097039,-78.511311059,36.6327
35.323089323,-78.511312114,36.6353
35.323081594,-78.51131317,36.6363
35.32307387,-78.511314209,36.6412
35.323066146,-78.511315267,36.6467
35.323058411,-78.511316304,36.6509
35.323050705,-78.511317372,36.6499
35.323042962,-78.511318408,36.6536
35.323035219,-78.511319433,36.6575
35.323027488,-78.511320483,36.6594
35.323019757,-78.511321518,36.6651
35.323012029,-78.51132257,36.6679
35.323004308,-78.511323614,36.6722
35.322996569,-78.511324667,36.6785
35.322988839,-78.511325758,36.6805
35.322981116,-78.511326843,36.685
35.322973393,-78.511327935,36.6903
35.322965688,-78.511329039,36.6947
35.322957974,-78.511330123,36.6996
35.322950243,-78.511331208,36.7035
35.322942507,-78.5113323,36.7094
35.322934803,-78.511333434,36.712
35.322927104,-78.511334493,36.7182
35.322919386,-78.511335613,36.7219
35.322911664,-78.511336702,36.7269
35.32290394,-78.511337808,36.733
35.322896218,-78.511338933,36.7306
35.322888506,-78.511340044,36.7327
35.322880781,-78.511341151,36.7357
35.32287306,-78.511342217,36.7374
35.322865335,-78.51134333,36.7393
35.322857624,-78.511344433,36.7428
35.322849884,-78.511345495,36.7419
35.322842176,-78.511346621,36.7398
35.322834452,-78.511347727,36.7441
35.322826734,-78.511348853,36.7434
35.322818994,-78.511349952,36.7433
35.322811266,-78.511351057,36.7431
35.322803546,-78.511352189,36.7459
35.322795798,-78.511353279,36.7463
35.322788062,-78.511354393,36.7448
35.32278032,-78.511355531,36.745
35.322772585,-78.511356608,36.746
35.32276485,-78.511357699,36.7447
35.322757103,-78.511358826,36.7464
35.32274936,-78.511359945,36.7484
35.322741622,-78.511361082,36.7514
35.322733886,-78.511362176,36.7506
35.322726157,-78.511363292,36.7564
35.32271841,-78.511364395,36.7622
35.322710682,-78.511365522,36.7635
35.322702947,-78.511366636,36.77
35.322695217,-78.511367765,36.7739
35.322687499,-78.511368913,36.7789
35.322679786,-78.511370075,36.782
35.322672071,-78.511371197,36.7875
35.322664352,-78.511372333,36.7928
35.322656631,-78.51137347,36.8018
35.322648935,-78.511374612,36.8039
35.32264122,-78.511375745,36.8105
35.32263351,-78.511376873,36.8131
35.322625812,-78.51137798,36.8192
35.322618108,-78.511379102,36.8244
35.322610418,-78.51138023,36.8286
35.322602722,-78.511381345,36.8332
35.322595034,-78.511382462,36.8366
35.322587323,-78.511383611,36.846
35.32257963,-78.511384706,36.8518
35.322571946,-78.511385805,36.8554
35.322564251,-78.511386903,36.8601
35.322556572,-78.511387997,36.8639
35.322548889,-78.511389092,36.8681
35.322541204,-78.511390193,36.8737
35.322533512,-78.511391291,36.8795
35.322525818,-78.511392373,36.8824
35.322518141,-78.511393487,36.8857
35.322510455,-78.511394567,36.8892
35.322502784,-78.511395683,36.8911
35.322495102,-78.511396782,36.896
35.322487413,-78.511397859,36.8982
35.322479737,-78.511398957,36.9041
35.322472065,-78.51140006,36.9087
35.322464388,-78.511401152,36.9139
35.322456718,-78.511402246,36.9201
35.322449016,-78.511403312,36.9251
35.322441326,-78.511404409,36.9299
35.322433653,-78.511405545,36.9258
35.322425979,-78.511406651,36.931
35.322418286,-78.511407736,36.9319
35.322410596,-78.511408815,36.9356
35.322402892,-78.511409912,36.9357
35.322395215,-78.511411033,36.9395
35.322387541,-78.511412123,36.9423
35.32237985,-78.511413199,36.9423
35.322372172,-78.511414299,36.9445
35.322364478,-78.5114154,36.9489
35.322356774,-78.511416501,36.9572
35.322349093,-78.511417581,36.9607
35.322341409,-78.511418684,36.9692
35.322333709,-78.511419793,36.9722
35.322326004,-78.511420892,36.9785
35.32231829,-78.511421986,36.9852
35.322310576,-78.511423095,36.9936
35.322302836,-78.511424191,36.9993
35.322295096,-78.511425315,37.0025
35.322287335,-78.511426417,37.0056
35.322279548,-78.511427574,37.0082
35.322271717,-78.511428694,37.0153
35.322263883,-78.511429821,37.0172
35.322256017,-78.511430955,37.0204
35.322248134,-78.511432089,37.0226
35.322240206,-78.511433223,37.0311
35.322232262,-78.511434358,37.0361
35.322224308,-78.51143551,37.0353
35.322216315,-78.511436661,37.0365
35.322208292,-78.511437801,37.0427
35.322200242,-78.511438979,37.0456
35.322192183,-78.511440143,37.0519
35.322184108,-78.511441302,37.0557
35.322175997,-78.511442449,37.0578
35.322167867,-78.511443648,37.0599
35.322159728,-78.511444819,37.0638
35.322151576,-78.511445993,37.0668
35.322143399,-78.511447166,37.0735
35.322135242,-78.511448344,37.0737
35.322127074,-78.511449523,37.0763
35.322118885,-78.511450744,37.0788
35.32211069,-78.511451934,37.0857
35.322102498,-78.511453116,37.0895
35.322094322,-78.511454298,37.0891
35.322086123,-78.511455456,37.0933
35.322077931,-78.511456626,37.0991
35.322069763,-78.511457803,37.0992
35.32206158,-78.511458995,37.1015
35.322053372,-78.511460174,37.1094
35.322045175,-78.511461367,37.1141
35.322036991,-78.511462554,37.1177
35.322028816,-78.511463739,37.1216
35.322020612,-78.511464924,37.126
35.322012411,-78.511466112,37.1317
35.322004199,-78.511467265,37.1354
35.321996016,-78.511468438,37.1351
35.321987846,-78.511469613,37.1349
35.321979665,-78.511470784,37.134
35.321971481,-78.511471953,37.1384
35.321963335,-78.511473179,37.1367
35.321955174,-78.511474328,37.1377
35.321946995,-78.51147551,37.1402
35.321938814,-78.511476688,37.1452
35.321930632,-78.511477875,37.1497
35.321922474,-78.51147904,37.15
35.321914292,-78.511480175,37.15
35.321906127,-78.511481327,37.157
35.321897952,-78.511482477,37.1584
35.321889807,-78.511483639,37.1597
35.321881669,-78.511484799,37.1588
35.321873542,-78.511485932,37.1606
35.321865394,-78.511487069,37.1652
35.321857262,-78.511488225,37.1712
35.321849106,-78.511489375,37.1796
35.321840973,-78.511490492,37.1871
35.321832843,-78.51149162,37.1899
35.321824744,-78.511492741,37.1947
35.321816578,-78.511493832,37.189
35.321808461,-78.511494933,37.1927
35.321800328,-78.511496065,37.1994
35.3217922,-78.511497174,37.2069
35.321784079,-78.511498284,37.2096
35.32177597,-78.511499381,37.2127
35.321767864,-78.511500483,37.2161
35.321759766,-78.511501577,37.2218
35.321751655,-78.511502665,37.2244
35.32174356,-78.511503749,37.2307
35.321735474,-78.511504839,37.2314
35.321727366,-78.511505916,37.2353
35.32171929,-78.511507013,37.2391
35.321711222,-78.51150811,37.2484
35.321703168,-78.511509229,37.2571
35.321695054,-78.511510216,37.2572
35.321686992,-78.511511307,37.2557
35.321678912,-78.511512377,37.2662
35.321670832,-78.511513438,37.2658
35.321662754,-78.511514541,37.2671
35.321654684,-78.511515642,37.2709
35.321646632,-78.511516751,37.2776
35.321638555,-78.511517823,37.282
35.321630497,-78.511518944,37.2776
35.321622423,-78.511520046,37.2786
35.321614345,-78.511521055,37.2788
35.321606294,-78.511522269,37.2881
35.321598234,-78.511523351,37.2892
35.321590176,-78.51152422,37.284
35.321582112,-78.511525363,37.2882
35.321574047,-78.511526447,37.2863
35.321565955,-78.511527545,37.2947
35.321557909,-78.511528583,37.2895
35.321549849,-78.511529631,37.2846
35.321541751,-78.511530805,37.2991
35.321533653,-78.511531914,37.3098
35.321525531,-78.511533079,37.3316
35.321517462,-78.511534118,37.3279
35.321509444,-78.511535122,37.3042
35.321501389,-78.511536158,37.2959
35.321493275,-78.511537214,37.2996
35.321485182,-78.511538331,37.3039
35.321477102,-78.511539453,37.3081
35.321469025,-78.511540547,37.3012
35.321460921,-78.511541647,37.3041
35.321452818,-78.511542744,37.3024
35.321444726,-78.511543855,37.3035
35.321436614,-78.511544975,37.3015
35.321428509,-78.5115461,37.3018
35.321420382,-78.511547223,37.308
35.321412258,-78.511548325,37.3123
35.321404147,-78.511549504,37.3118
35.32139603,-78.511550661,37.3088
35.321387923,-78.511551838,37.3079
35.321379807,-78.511552989,37.3096
35.321371685,-78.511554114,37.3121
35.321363552,-78.511555276,37.3133
35.32135541,-78.511556433,37.3164
35.32134729,-78.511557597,37.3164
35.321339162,-78.511558787,37.3152
35.321331027,-78.511559971,37.3165
35.321322886,-78.511561151,37.3169
35.321314777,-78.511562286,37.3263
35.321306621,-78.51156346,37.327
35.321298492,-78.511564614,37.326
35.321290364,-78.511565792,37.3242
35.321282205,-78.511566941,37.3268
35.321274064,-78.511568092,37.33
35.32126592,-78.51156924,37.3315
35.321257786,-78.511570383,37.3318
35.321249641,-78.511571513,37.3311
35.321241492,-78.51157266,37.3374
35.321233336,-78.511573814,37.3383
35.321225194,-78.511574977,37.3444
35.321217051,-78.511576118,37.3437
35.321208888,-78.511577247,37.3479
35.321200754,-78.511578417,37.3524
35.321192601,-78.511579553,37.3554
35.321184452,-78.511580684,37.3597
35.321176304,-78.511581829,37.3665
35.321168161,-78.511582952,37.3648
35.321160005,-78.511584095,37.3701
35.321151852,-78.511585229,37.3685
35.321143705,-78.511586397,37.3738
35.321135555,-78.511587517,37.3721
35.321127398,-78.511588668,37.3735
35.321119249,-78.511589786,37.3742
35.321111104,-78.511590926,37.3752
35.321102943,-78.511592061,37.3766
35.321094786,-78.511593196,37.3735
35.321086639,-78.511594313,37.3762
35.321078501,-78.511595391,37.3752
35.321070341,-78.511596511,37.379
35.321062181,-78.511597622,37.381
35.321054024,-78.511598714,37.3788
35.321045848,-78.511599817,37.3855
35.321037684,-78.511600926,37.3889
35.32102952,-78.511602009,37.389
35.321021356,-78.511603077,37.3923
35.321013195,-78.511604187,37.3927
35.321005026,-78.51160526,37.3943
35.320996866,-78.511606348,37.3977
35.320988714,-78.511607473,37.3852
35.320980554,-78.511608554,37.3844
35.320972378,-78.511609635,37.3845
35.320964205,-78.511610727,37.3844
35.320956031,-78.51161182,37.3845
35.320947856,-78.511612895,37.386
35.320939699,-78.511613978,37.384
35.320931508,-78.511615063,37.3835
35.320923331,-78.511616144,37.387
35.320915158,-78.511617241,37.3843
35.320906973,-78.511618322,37.384
35.320898804,-78.511619396,37.3849
35.320890643,-78.511620468,37.3841
35.320882463,-78.511621536,37.3876
35.320874288,-78.511622622,37.3905
35.320866103,-78.511623712,37.3949
35.320857932,-78.511624805,37.3954
35.320849752,-78.511625884,37.3961
35.320841577,-78.511626961,37.3977
35.320833407,-78.511628078,37.4
35.320825211,-78.511629219,37.4017
35.320817044,-78.51163033,37.4045
35.320808876,-78.51163141,37.4048
35.320800703,-78.511632519,37.4032
35.320792532,-78.511633628,37.4056
35.320784368,-78.511634727,37.4073
35.320776216,-78.511635848,37.4051
35.320768056,-78.51163696,37.4044
35.320759888,-78.511638072,37.4028
35.320751716,-78.511639154,37.4011
35.320743538,-78.511640285,37.404
35.32073538,-78.511641397,37.4028
35.320727205,-78.511642516,37.4027
35.320719042,-78.511643636,37.4025
35.320710866,-78.511644766,37.398
35.320702717,-78.511645878,37.3983
35.320694543,-78.511647021,37.3991
35.320686383,-78.511648131,37.3966
35.320678213,-78.511649284,37.3962
35.320670057,-78.511650422,37.3974
35.320661891,-78.511651544,37.4025
35.320653727,-78.51165268,37.4061
35.320645586,-78.511653854,37.4016
35.32063744,-78.511654996,37.403
35.320629295,-78.51165616,37.4055
35.320621145,-78.511657323,37.4031
35.320612987,-78.511658489,37.4075
35.320604842,-78.511659662,37.4067
35.320596702,-78.511660812,37.4042
35.320588565,-78.511662005,37.4018
35.320580408,-78.511663188,37.4042
35.320572271,-78.511664363,37.4017
35.320564152,-78.51166553,37.4005
35.320556033,-78.51166669,37.3992
35.320547917,-78.51166787,37.3975
35.320539807,-78.511669047,37.397
35.320531692,-78.511670213,37.3967
35.320523577,-78.511671391,37.3962
35.320515485,-78.511672577,37.3971
35.320507385,-78.511673763,37.3962
35.320499273,-78.511674934,37.4015
35.320491164,-78.51167611,37.4048
35.320483046,-78.511677289,37.413
35.320474943,-78.511678443,37.4154
35.320466847,-78.511679594,37.4172
35.320458763,-78.511680784,37.4142
35.320450677,-78.511681901,37.4166
35.3204426,-78.51168304,37.4163
35.320434524,-78.511684177,37.4147
35.320426437,-78.511685287,37.4179
35.320418364,-78.511686394,37.4216
35.320410305,-78.511687517,37.4196
35.320402221,-78.511688621,37.4215
35.320394148,-78.511689743,37.4245
35.320386068,-78.511690856,37.4273
35.320377996,-78.511691958,37.4285
35.320369926,-78.511693062,37.4257
35.320361859,-78.511694172,37.4263
35.320353796,-78.511695286,37.4332
35.320345738,-78.511696379,37.429
35.320337678,-78.511697493,37.4293
35.320329601,-78.511698582,37.4312
35.320321526,-78.511699671,37.4345
35.320313498,-78.511700786,37.4294
35.320305432,-78.51170189,37.4287
35.32029736,-78.511702983,37.4296
35.320289284,-78.511704047,37.4334
35.320281208,-78.511705122,37.4335
35.320273124,-78.511706199,37.4344
35.32026504,-78.511707276,37.4364
35.320256949,-78.511708351,37.438
35.32024886,-78.51170942,37.4365
35.320240776,-78.511710486,37.4347
35.32023269,-78.511711536,37.4368
35.320224607,-78.511712593,37.4392
35.320216498,-78.51171364,37.4415
35.320208397,-78.511714673,37.441
35.320200283,-78.511715738,37.4399
35.32019218,-78.511716776,37.4423
35.320184069,-78.511717831,37.4454
35.320175967,-78.511718888,37.447
35.320167852,-78.511719973,37.4454
35.320159724,-78.511721038,37.4457
35.3201516,-78.511722101,37.4434
35.32014348,-78.511723192,37.4466
35.320135364,-78.511724252,37.4441
35.320127219,-78.511725302,37.4432
35.320119084,-78.5117264,37.4429
35.320110939,-78.511727471,37.4435
35.32010278,-78.511728589,37.4482
35.320094638,-78.511729676,37.4505
35.320086484,-78.511730752,37.4484
35.320078315,-78.511731834,37.4445
35.320070167,-78.511732929,37.4442
35.320062014,-78.511734032,37.4413
35.320053833,-78.511735104,37.4443
35.320045656,-78.51173621,37.4413
35.320037488,-78.511737295,37.438
35.320029319,-78.51173836,37.4386
35.320021144,-78.511739454,37.4365
35.320012952,-78.511740545,37.4356
35.320004772,-78.51174165,37.4331
35.319996605,-78.511742727,37.4307
35.319988415,-78.51174382,37.4325
35.319980242,-78.511744931,37.4302
35.319972052,-78.511746037,37.4315
35.319963876,-78.511747164,37.4355
35.319955699,-78.511748305,37.4372
35.319947515,-78.51174943,37.4415
35.319939328,-78.511750603,37.453
35.319931145,-78.511751725,37.4567
35.319922959,-78.511752853,37.4579
35.319914801,-78.511753972,37.4584
35.319906649,-78.511755117,37.4606
35.319898484,-78.511756245,37.4649
35.319890333,-78.511757394,37.4629
35.319882165,-78.511758508,37.4692
35.319874019,-78.511759665,37.4711
35.319865882,-78.511760825,37.4756
35.319857736,-78.511761943,37.4756
35.319849609,-78.511763076,37.4776
35.319841474,-78.511764205,37.4802
35.319833348,-78.511765365,37.484
35.31982522,-78.511766481,37.4856
35.319817118,-78.511767617,37.4877
35.319809005,-78.511768761,37.4916
35.319800889,-78.511769891,37.4933
35.319792777,-78.511771057,37.4963
35.319784658,-78.511772184,37.4986
35.319776535,-78.511773364,37.5113
35.31976842,-78.511774494,37.5113
35.319760317,-78.511775622,37.5088
35.319752216,-78.511776755,37.511
35.319744114,-78.51177788,37.5082
35.319736003,-78.511779008,37.5092
35.319727886,-78.511780135,37.5067
35.319719787,-78.51178128,37.5052
35.319711678,-78.511782417,37.5061
35.319703567,-78.511783547,37.5089
35.319695462,-78.511784703,37.5065
35.31968735,-78.511785858,37.5097
35.31967926,-78.511787003,37.5078
35.319671153,-78.511788151,37.5124
35.319663045,-78.511789283,37.5119
35.319654929,-78.511790422,37.517
35.319646827,-78.511791563,37.5128
35.319638708,-78.511792697,37.5187
35.3196306,-78.511793852,37.5206
35.319622487,-78.511794979,37.5179
35.319614368,-78.511796182,37.5204
35.31960624,-78.511797308,37.5215
35.319598128,-78.511798459,37.5201
35.319590008,-78.511799579,37.5193
35.319581888,-78.511800713,37.5204
35.319573787,-78.511801873,37.5184
35.31956567,-78.511802993,37.5209
35.319557545,-78.511804165,37.5197
35.319549413,-78.511805335,37.5211
35.319541278,-78.511806502,37.5217
35.319533154,-78.511807657,37.5174
35.319525019,-78.511808798,37.5185
35.319516887,-78.511809931,37.5159
35.319508737,-78.511811071,37.5148
35.319500581,-78.511812234,37.5137
35.31949244,-78.511813375,37.509
35.319484314,-78.511814499,37.5049
35.31947617,-78.511815644,37.5041
35.319468001,-78.511816797,37.5057
35.319459856,-78.511817962,37.5093
35.319451701,-78.511819081,37.5085
35.31944353,-78.51182019,37.5075
35.319435372,-78.511821357,37.5095
35.319427222,-78.511822504,37.5075
35.319419075,-78.511823614,37.5072
35.319410914,-78.511824794,37.5081
35.319402742,-78.511825936,37.5092
35.319394577,-78.511827089,37.5091
35.319386411,-78.511828235,37.5077
35.319378261,-78.511829353,37.5047
35.319370105,-78.511830474,37.5047
35.319361968,-78.511831616,37.5053
35.31935382,-78.511832737,37.5071
35.319345663,-78.511833875,37.5134
35.319337492,-78.51183501,37.5154
35.319329328,-78.511836145,37.5169
35.319321202,-78.511837286,37.5176
35.319313076,-78.511838427,37.5202
35.319304942,-78.511839505,37.519
35.319296797,-78.511840631,37.5227
35.319288701,-78.511841832,37.5269
35.319280572,-78.511842942,37.5272
35.319272444,-78.511844089,37.5261
35.319264301,-78.511845257,37.5283
35.319256178,-78.511846402,37.5265
35.319248071,-78.511847526,37.5255
35.319239987,-78.511848646,37.5214
35.319231854,-78.511849762,37.5245
35.319223734,-78.511850913,37.5267
35.319215629,-78.511852075,37.5223
35.319207514,-78.511853227,37.5242
35.319199403,-78.511854358,37.5234
35.319191303,-78.511855514,37.5221
35.319183181,-78.511856655,37.5207
35.319175072,-78.511857812,37.5195
35.319166965,-78.511858983,37.5188
35.319158862,-78.511860128,37.5167
35.319150742,-78.511861258,37.5164
35.319142628,-78.511862394,37.5138
35.319134502,-78.511863572,37.529
35.319126412,-78.511864722,37.5308
35.319118302,-78.511865876,37.5288
35.319110176,-78.511867029,37.5301
35.319102058,-78.51186816,37.5273
35.319093964,-78.511869338,37.5274
35.31908587,-78.511870526,37.5278
35.319077783,-78.511871682,37.5257
35.319069678,-78.511872842,37.5247
35.319061576,-78.511874033,37.5266
35.319053469,-78.511875199,37.5253
35.319045364,-78.511876345,37.5272
35.319037263,-78.511877511,37.5266
35.319029165,-78.511878656,37.5313
35.319021077,-78.511879804,37.5293
35.319012983,-78.511880959,37.5302
35.319004877,-78.511882118,37.5324
35.318996776,-78.511883304,37.532
35.318988688,-78.511884457,37.5379
35.3189806,-78.511885592,37.5363
35.318972518,-78.511886709,37.5431
35.318964417,-78.511887849,37.5447
35.318956316,-78.51188902,37.5477
35.318948225,-78.511890188,37.5486
35.31894012,-78.511891345,37.5491
35.318932023,-78.511892498,37.5477
35.318923926,-78.511893677,37.5478
35.318915824,-78.511894844,37.5465
35.31890771,-78.511895982,37.5445
35.318899635,-78.511897134,37.5437
35.318891554,-78.511898287,37.5422
35.318883462,-78.511899455,37.5424
35.318875349,-78.511900631,37.5441
35.318867221,-78.511901781,37.5498
35.318859123,-78.511902951,37.5514
35.31885101,-78.511904124,37.5531
35.31884292,-78.511905282,37.5513
35.318834806,-78.511906419,37.5552
35.318826703,-78.511907577,37.558
35.318818609,-78.511908745,37.557
35.318810491,-78.511909909,37.5562
35.318802376,-78.511911103,37.5558
35.31879425,-78.511912284,37.5528
35.318786125,-78.511913492,37.5537
35.318778016,-78.511914623,37.5552
35.318769921,-78.511915754,37.548
35.318761821,-78.511916931,37.5465
35.318753701,-78.511918103,37.5445
35.318745586,-78.51191927,37.545
35.318737472,-78.511920482,37.5485
35.318729348,-78.511921675,37.5516
35.318721187,-78.511922854,37.5485
35.318713067,-78.511924074,37.5515
35.31870494,-78.511925234,37.5565
35.318696837,-78.511926378,37.5577
35.318688736,-78.511927539,37.5597
35.318680604,-78.51192871,37.5618
35.318672484,-78.511929909,37.5663
35.318664364,-78.511931072,37.5702
35.318656266,-78.511932238,37.5741
35.318648156,-78.511933371,37.5769
35.318640077,-78.511934553,37.5856
35.318631951,-78.51193569,37.5897
35.318623836,-78.51193682,37.5916
35.318615754,-78.511937977,37.5941
35.318607656,-78.511939093,37.5985
35.318599556,-78.511940216,37.6008
35.318591458,-78.511941358,37.6067
35.318583349,-78.511942466,37.6076
35.318575253,-78.511943587,37.6117
35.318567133,-78.511944678,37.6133
35.318559029,-78.511945787,37.6147
35.318550933,-78.511946896,37.6132
35.318542829,-78.51194798,37.6128
35.31853471,-78.511949105,37.6126
35.318526624,-78.511950193,37.6128
35.318518514,-78.511951295,37.6128
35.318510392,-78.511952386,37.6095
35.318502249,-78.511953459,37.6094
35.318494124,-78.511954541,37.6096
35.318486038,-78.511955624,37.6074
35.318477932,-78.511956684,37.6064
35.318469787,-78.511957766,37.6082
35.318461642,-78.511958905,37.6165
35.31845351,-78.511960017,37.6167
35.318445374,-78.511961104,37.6148
35.318437228,-78.511962177,37.6136
35.318429077,-78.511963267,37.6151
35.318420948,-78.511964383,37.6134
35.318412821,-78.511965455,37.616
35.318404693,-78.511966546,37.616
35.318396546,-78.511967627,37.6157
35.318388387,-78.511968719,37.6173
35.318380241,-78.511969813,37.6229
35.318372135,-78.51197091,37.6201
35.318364042,-78.511972008,37.6173
35.318355919,-78.511973133,37.621
35.318347794,-78.511974254,37.6243
35.318339665,-78.51197539,37.6284
35.318331551,-78.511976547,37.6329
35.318323438,-78.511977708,37.6325
35.318315332,-78.511978895,37.6343
35.318307233,-78.511980063,37.6385
35.318299141,-78.511981323,37.6321
35.318291046,-78.51198252,37.6351
35.318282942,-78.511983738,37.6365
35.318274833,-78.511984959,37.6386
35.318266742,-78.51198615,37.6388
35.318258655,-78.511987356,37.6344
35.318250557,-78.511988572,37.639
35.318242464,-78.511989786,37.635
35.31823438,-78.511991005,37.6346
35.318226296,-78.511992236,37.6336
35.318218223,-78.511993439,37.6335
35.318210129,-78.511994664,37.6336
35.31820204,-78.511995888,37.6338
35.318193958,-78.511997128,37.636
35.318185874,-78.511998348,37.6354
35.318177789,-78.511999587,37.6356
35.318169698,-78.512000841,37.6389
35.31816161,-78.512002082,37.6357
35.318153518,-78.51200332,37.6382
35.318145431,-78.512004592,37.6384
35.318137337,-78.512005846,37.6377
35.318129252,-78.512007091,37.6365
35.318121157,-78.512008347,37.6335
35.318113061,-78.512009593,37.6367
35.318104968,-78.512010824,37.6349
35.318096888,-78.512012044,37.6345
35.31808881,-78.512013254,37.6311
35.31808074,-78.512014462,37.6319
35.31807264,-78.512015665,37.6351
35.318064532,-78.512016884,37.6382
35.318056435,-78.512018079,37.6436
35.318048342,-78.512019291,37.6481
35.318040259,-78.512020464,37.6522
35.318032169,-78.512021648,37.6535
35.318024076,-78.512022831,37.6579
35.318015991,-78.512024012,37.6667
35.318007898,-78.512025181,37.6674
35.31799982,-78.512026362,37.6689
35.317991735,-78.512027511,37.6738
35.317983649,-78.512028686,37.6763
35.317975554,-78.512029857,37.682
35.317967473,-78.512031023,37.6822
35.317959388,-78.512032162,37.6855
35.317951313,-78.512033316,37.6915
35.317943223,-78.512034467,37.6896
35.317935138,-78.512035592,37.6901
35.317927044,-78.512036722,37.6958
35.317918953,-78.512037868,37.6936
35.317910857,-78.512038977,37.6964
35.317902759,-78.51204012,37.6987
35.317894665,-78.512041245,37.6997
35.317886591,-78.512042357,37.6989
35.31787849,-78.512043469,37.7011
35.317870381,-78.512044597,37.7047
35.317862264,-78.512045723,37.7069
35.317854163,-78.512046838,37.7086
35.317846065,-78.512047934,37.7082
35.317837941,-78.512049004,37.7118
35.317829813,-78.512050106,37.715
35.317821669,-78.512051204,37.7165
35.317813537,-78.512052309,37.7166
35.317805414,-78.512053401,37.7188
35.3177973,-78.512054482,37.7234
35.317789181,-78.512055577,37.7227
35.317781046,-78.512056685,37.7255
35.3177729,-78.512057776,37.7295
35.317764756,-78.512058833,37.7313
35.317756632,-78.512059898,37.7324
35.317748482,-78.51206098,37.7389
35.317740308,-78.512062008,37.7417
35.317732159,-78.512063069,37.7434
35.317724034,-78.512064098,37.7435
35.317715912,-78.512065104,37.7451
35.317707828,-78.512066127,37.7474
35.317699813,-78.512067151,37.75
35.317691866,-78.512068119,37.7489
35.317684015,-78.512069103,37.7455
35.317676259,-78.512070046,37.7481
35.317668595,-78.512070973,37.7467
35.31766106,-78.512071884,37.7434
35.317653611,-78.512072775,37.7433
35.317646231,-78.512073621,37.7408
35.31763892,-78.512074439,37.7406
35.317631663,-78.512075259,37.739
35.317624445,-78.512076016,37.7372
35.317617314,-78.512076698,37.7364
35.317610236,-78.512077314,37.7374
35.31760321,-78.512077892,37.7373
35.317596241,-78.512078355,37.7366
35.317589328,-78.512078663,37.7366
35.317582455,-78.512078847,37.737
35.317575643,-78.512078873,37.7389
35.317568894,-78.512078753,37.7403
35.317562222,-78.512078512,37.7425
35.317555648,-78.512078108,37.7443
35.317549164,-78.51207749,37.7491
35.317542776,-78.512076696,37.7503
35.317536493,-78.512075704,37.7562
35.317530326,-78.51207453,37.7579
35.317524264,-78.512073123,37.7634
35.317518304,-78.512071504,37.7629
35.317512453,-78.51206968,37.7651
35.317506708,-78.512067658,37.7677
35.31750108,-78.512065416,37.767
35.317495587,-78.512062937,37.7697
35.317490222,-78.512060226,37.7722
35.317485031,-78.512057319,37.7648
35.317479971,-78.512054114,37.7647
35.31747506,-78.51205073,37.7685
35.317470328,-78.512047133,37.7723
35.317465774,-78.51204331,37.7775
35.317461467,-78.512039234,37.7732
35.317457348,-78.512034953,37.7691
35.317453381,-78.512030504,37.7678
35.317449589,-78.512025925,37.7707
35.317445995,-78.512021259,37.7804
35.31744256,-78.512016497,37.7834
35.317439375,-78.512011513,37.7857
35.317436416,-78.512006358,37.7904
35.317433561,-78.512001085,37.7985
35.317430784,-78.511995777,37.8125
35.317428161,-78.511990328,37.8236
35.31742574,-78.511984736,37.8361
35.317423478,-78.511979002,37.8473
35.317421304,-78.511973215,37.8549
35.317419224,-78.511967315,37.8601
35.317417202,-78.511961353,37.8843
35.317415328,-78.51195525,37.8954
35.317413614,-78.511949057,37.9037
35.317412028,-78.511942768,37.9118
35.31741052,-78.511936433,37.9197
35.317409155,-78.511930005,37.9245
35.317407878,-78.511923496,37.9279
35.317406738,-78.5119169,37.9391
35.317405725,-78.511910234,37.9452
35.317404821,-78.511903493,37.9502
35.317403997,-78.511896671,37.9569
35.317403285,-78.51188979,37.9635
35.317402708,-78.511882873,37.9675
35.317402247,-78.511875862,37.9714
35.317401891,-78.511868851,37.9765
35.317401626,-78.511861749,37.9794
35.317401469,-78.511854654,37.9903
35.31740146,-78.511847472,37.9955
35.31740152,-78.511840226,37.9988
35.317401722,-78.511832963,38.0016
35.317402029,-78.511825662,38.0057
35.317402431,-78.511818346,38.0198
35.317402923,-78.511810982,38.0257
35.31740355,-78.511803564,38.0275
35.31740427,-78.511796139,38.0269
35.317405106,-78.511788674,38.0323
35.317406058,-78.511781221,38.039
35.317407135,-78.511773735,38.0464
35.317408347,-78.511766247,38.0523
35.317409657,-78.511758745,38.0582
35.317411081,-78.511751234,38.061
35.317412649,-78.511743692,38.0616
35.317414351,-78.511736153,38.0689
35.317416173,-78.511728616,38.0693
35.317418124,-78.511721096,38.0683
35.317420206,-78.511713587,38.0715
35.317422401,-78.511706092,38.073
35.317424747,-78.511698596,38.0671
35.317427211,-78.511691152,38.0698
35.317429818,-78.511683713,38.0708
35.317432524,-78.511676332,38.0711
35.317435375,-78.511668985,38.0697
35.317438363,-78.511661678,38.0679
35.317441489,-78.511654421,38.059
35.317444739,-78.511647258,38.0594
35.317448072,-78.511640155,38.0571
35.317451556,-78.511633107,38.0527
35.317455175,-78.511626149,38.0491
35.317458924,-78.511619254,38.0454
35.317462781,-78.511612419,38.0403
35.317466766,-78.511605676,38.0441
35.317470904,-78.511599016,38.0368
35.317475161,-78.511592452,38.0359
35.317479571,-78.511586032,38.0315
35.317484097,-78.511579696,38.0277
35.317488746,-78.511573461,38.0237
35.317493528,-78.511567322,38.0177
35.317498463,-78.511561342,38.0095
35.317503501,-78.511555488,38.006
35.317508679,-78.511549741,37.9976
35.31751398,-78.511544138,37.9888
35.3175194,-78.51153866,37.9896
35.317524977,-78.511533341,37.9858
35.317530634,-78.511528123,37.9728
35.317536453,-78.511523121,37.9704
35.31754239,-78.511518203,37.9622
35.317548448,-78.511513448,37.9559
35.31755465,-78.511508867,37.9498
35.317560917,-78.511504461,37.9407
35.317567274,-78.511500181,37.9289
35.317573732,-78.51149607,37.9243
35.317580318,-78.51149213,37.9239
35.317587006,-78.511488382,37.9196
35.31759381,-78.51148477,37.9132
35.317600727,-78.511481344,37.9096
35.317607731,-78.511478077,37.9043
35.317614783,-78.511474944,37.8979
35.317621878,-78.511472012,37.8911
35.317629055,-78.511469262,37.8778
35.317636313,-78.51146672,37.8672
35.317643611,-78.511464305,37.8668
35.317650978,-78.511462013,37.8626
35.317658407,-78.511459901,37.8547
35.31766587,-78.51145796,37.8503
35.317673421,-78.511456197,37.8448
35.317680954,-78.51145448,37.842
35.317688531,-78.511452864,37.8366
35.317696147,-78.511451293,37.8271
35.317703781,-78.51144979,37.8222
35.317711452,-78.511448362,37.8196
35.317719144,-78.51144701,37.8133
35.317726862,-78.51144568,37.8061
35.317734605,-78.511444458,37.8023
35.317742346,-78.511443275,37.7947
35.31775012,-78.511442128,37.7923
35.317757932,-78.511441019,37.7879
35.31776579,-78.511439945,37.7817
35.31777366,-78.511438885,37.7774
35.317781543,-78.511437801,37.77
35.317789469,-78.511436734,37.7646
35.317797405,-78.511435668,37.7516
35.317805362,-78.511434636,37.7393
35.317813297,-78.511433609,37.7298
35.317821245,-78.511432551,37.7142
35.317829217,-78.511431516,37.7059
35.317837204,-78.511430496,37.7002
35.317845187,-78.511429458,37.6934
35.317853183,-78.511428442,37.6958
35.317861197,-78.511427459,37.6976
35.317869209,-78.511426486,37.7009
35.317877226,-78.511425489,37.7017
35.317885238,-78.511424489,37.7059
35.317893233,-78.511423478,37.7078
35.317901203,-78.511422436,37.7092
35.317909144,-78.511421423,37.715
35.317917077,-78.511420405,37.7159
35.317924983,-78.511419374,37.7173
35.317932865,-78.511418353,37.7169
35.317940709,-78.511417307,37.7198
35.317948501,-78.511416293,37.7163
35.317956263,-78.511415252,37.7137
35.317963993,-78.511414248,37.7105
35.317971705,-78.511413251,37.7107
35.317979386,-78.511412235,37.7064
35.317987035,-78.511411242,37.707
35.317994659,-78.511410204,37.7118
35.318002234,-78.511409208,37.7068
35.318009785,-78.511408236,37.7013
35.318017309,-78.511407236,37.7039
35.3180248,-78.511406222,37.6984
35.318032263,-78.511405231,37.6959
35.318039696,-78.511404233,37.6923
35.318047106,-78.511403233,37.6875
35.318054471,-78.511402207,37.6805
35.318061814,-78.511401202,37.6756
35.318069124,-78.51140021,37.673
35.318076401,-78.511399221,37.6652
35.318083648,-78.511398228,37.66
35.318090884,-78.511397251,37.6576
35.318098069,-78.511396257,37.6519
35.318105237,-78.511395287,37.6493
35.318112377,-78.511394321,37.6418
35.318119482,-78.511393336,37.6395
35.318126567,-78.51139238,37.6347
35.318133605,-78.511391417,37.6302
35.31814063,-78.511390467,37.6244
35.318147621,-78.511389509,37.6226
35.318154582,-78.511388544,37.6249
35.318161516,-78.511387601,37.6253
35.318168475,-78.511386665,37.62
35.318175405,-78.511385724,37.6183
35.318182325,-78.51138479,37.6149
35.318189231,-78.511383845,37.6135
35.318196139,-78.511382912,37.6112
35.318203018,-78.511381982,37.6082
35.318209883,-78.511381073,37.6113
35.318216719,-78.511380148,37.608
35.31822357,-78.511379242,37.6102
35.318230392,-78.511378318,37.6109
35.318237175,-78.511377433,37.6129
35.318243929,-78.51137653,37.6174
35.318250684,-78.511375648,37.6163
35.318257421,-78.511374772,37.6212
35.318264117,-78.511373883,37.6269
35.318270791,-78.511372965,37.6297
35.318277407,-78.511372106,37.6339
35.318284001,-78.511371187,37.6343
35.31829057,-78.511370257,37.6358
35.318297143,-78.511369317,37.6284
35.318303608,-78.511368476,37.6275
35.318310015,-78.511367628,37.622
35.318316412,-78.511366781,37.6208
35.318322797,-78.511365909,37.6211
35.318329164,-78.511365041,37.6224
35.318335531,-78.511364184,37.6206
35.318341897,-78.511363334,37.6185
35.318348258,-78.511362488,37.6154
35.318354645,-78.511361635,37.6145
35.318361046,-78.511360739,37.6115
35.318367521,-78.511359875,37.6065
35.318374096,-78.511359045,37.606
35.318380737,-78.511358217,37.6019
35.318387427,-78.511357319,37.6018
35.318394155,-78.511356407,37.6001
35.318400885,-78.511355506,37.5981
35.318407651,-78.511354622,37.5988
35.318414507,-78.511353705,37.6004
35.318421432,-78.51135277,37.5951
35.318428438,-78.511351785,37.5915
35.318435427,-78.511350835,37.5893
35.318442417,-78.511349882,37.5854
35.318449423,-78.511348922,37.5861
35.318456497,-78.511347979,37.5833
35.318463634,-78.511347008,37.5794
35.318470798,-78.511346,37.5817
35.318477992,-78.51134498,37.5807
35.318485193,-78.51134399,37.5796
35.318492427,-78.511342984,37.5815
35.318499732,-78.511341918,37.5776
35.318507069,-78.511340864,37.5768
35.318514421,-78.511339822,37.5758
35.318521786,-78.511338755,37.5725
35.318529202,-78.511337691,37.5709
35.318536635,-78.511336614,37.5682
35.318544086,-78.511335527,37.5665
35.318551561,-78.511334449,37.5668
35.318559094,-78.511333394,37.5622
35.318566647,-78.511332271,37.5579
35.318574194,-78.511331136,37.5602
35.318581769,-78.511330035,37.5557
35.318589387,-78.511328928,37.5556
35.318597043,-78.511327851,37.5524
35.318604725,-78.51132676,37.5504
35.318612431,-78.511325642,37.5468
35.318620157,-78.511324557,37.542
35.318627918,-78.511323443,37.5378
35.318635697,-78.511322362,37.5317
35.318643465,-78.511321305,37.531
35.318651256,-78.511320204,37.5241
35.318659119,-78.511319143,37.5207
35.318667027,-78.511318054,37.5192
35.318674952,-78.511316991,37.5175
35.318682858,-78.511315917,37.5139
35.318690793,-78.511314837,37.5092
35.318698773,-78.511313762,37.5036
35.318706774,-78.511312679,37.5009
35.318714783,-78.511311576,37.5019
35.31872281,-78.511310506,37.4958
35.318730877,-78.511309383,37.4973
35.318738947,-78.511308304,37.496
35.318747048,-78.511307206,37.4923
35.31875514,-78.511306144,37.489
35.318763276,-78.511305066,37.4838
35.318771389,-78.511303988,37.4833
35.318779525,-78.511302912,37.4779
35.318787661,-78.511301849,37.4699
35.318795813,-78.511300808,37.4658
35.31880397,-78.51129975,37.4623
35.318812132,-78.511298659,37.4556
35.318820283,-78.511297603,37.4501
35.318828459,-78.511296534,37.4408
35.318836634,-78.511295472,37.4328
35.318844801,-78.511294371,37.426
35.318853004,-78.511293268,37.4125
35.318861178,-78.511292188,37.4057
35.318869321,-78.511291078,37.395
35.318877417,-78.511289983,37.3902
35.31888555,-78.511288904,37.3892
35.318893714,-78.511287862,37.3888
35.31890186,-78.51128675,37.392
35.318910011,-78.511285644,37.3945
35.318918138,-78.511284557,37.4033
35.318926249,-78.511283427,37.4091
35.318934386,-78.511282276,37.4058
35.318942544,-78.511281178,37.4054
35.318950648,-78.511280054,37.4059
35.318958713,-78.511278895,37.4023
35.318966796,-78.511277773,37.3963
35.318974877,-78.511276632,37.3971
35.31898294,-78.511275499,37.3929
35.318991001,-78.511274347,37.3894
35.31899904,-78.511273191,37.388
35.319007074,-78.511272049,37.3839
35.319015098,-78.511270933,37.3828
35.319023108,-78.511269739,37.3853
35.31903115,-78.511268613,37.3856
35.319039174,-78.511267476,37.3891
35.319047185,-78.511266325,37.3866
35.319055231,-78.511265167,37.389
35.319063286,-78.511264064,37.3843
35.319071328,-78.511263009,37.3807
35.319079299,-78.511261903,37.3769
35.319087209,-78.511260813,37.3764
35.31909519,-78.511259745,37.377
35.319103233,-78.511258678,37.3828
35.319111269,-78.511257577,37.3877
35.319119268,-78.511256492,37.3901
35.319127219,-78.5112554,37.3887
35.319135221,-78.511254294,37.3904
35.319143276,-78.511253222,37.3931
35.319151338,-78.511252112,37.3883
35.31915939,-78.511251042,37.3804
35.319167427,-78.511249961,37.3721
35.319175417,-78.511248846,37.3632
35.319183393,-78.511247803,37.3577
35.319191386,-78.511246756,37.3566
35.319199428,-78.511245669,37.3604
35.319207513,-78.51124459,37.3692
35.319215585,-78.511243522,37.3804
35.31922366,-78.511242422,37.38
35.319231721,-78.51124133,37.3802
35.319239777,-78.511240237,37.3823
35.319247855,-78.511239144,37.3831
35.319255922,-78.511238052,37.3812
35.319264,-78.511236949,37.3816
35.319272077,-78.511235847,37.3871
35.319280173,-78.511234711,37.3817
35.31928824,-78.511233622,37.3875
35.319296316,-78.511232512,37.383
35.319304396,-78.511231427,37.3846
35.319312494,-78.511230313,37.3844
35.319320551,-78.511229175,37.3914
35.319328654,-78.511228037,37.3934
35.319336783,-78.511226914,37.3886
35.319344857,-78.511225822,37.3903
35.319352919,-78.511224678,37.3931
35.319361039,-78.511223543,37.3911
35.319369147,-78.511222431,37.3911
35.319377305,-78.511221266,37.3756
35.319385394,-78.51122012,37.3717
35.319393472,-78.511218967,37.3757
35.319401579,-78.511217822,37.3712
35.319409731,-78.511216656,37.3689
35.319417843,-78.511215505,37.3638
35.319425937,-78.511214303,37.365
35.319434057,-78.511213159,37.3531
35.319442163,-78.511212014,37.3472
35.319450272,-78.511210849,37.3495
35.319458379,-78.511209682,37.3441
35.319466515,-78.511208533,37.3412
35.319474621,-78.511207405,37.3422
35.319482748,-78.511206267,37.3367
35.319490867,-78.511205149,37.3393
35.319499,-78.511204015,37.3375
35.319507086,-78.51120288,37.3425
35.319515198,-78.511201754,37.3442
35.319523354,-78.511200604,37.3392
35.319531508,-78.511199473,37.3409
35.319539584,-78.511198328,37.3501
35.319547675,-78.511197194,37.345
35.31955577,-78.511196076,37.343
35.319563875,-78.511194916,37.3472
35.319572002,-78.511193784,37.3487
35.319580112,-78.511192646,37.3516
35.319588171,-78.511191478,37.3502
35.319596266,-78.511190363,37.3473
35.31960436,-78.511189206,37.3469
35.319612459,-78.511188011,37.349
35.319620591,-78.511186888,37.3433
35.319628679,-78.511185755,37.3433
35.319636732,-78.511184569,37.3401
35.319644818,-78.511183403,37.3373
35.319652929,-78.511182238,37.3361
35.319661039,-78.511181092,37.3339
35.319669155,-78.511179929,37.3295
35.319677249,-78.511178782,37.3307
35.319685338,-78.511177618,37.3308
35.31969344,-78.511176467,37.3312
35.319701523,-78.511175323,37.3383
35.319709621,-78.511174162,37.337
35.319717742,-78.511172998,37.3388
35.319725834,-78.511171862,37.3496
35.319733929,-78.5111707,37.3459
35.319742038,-78.511169539,37.3499
35.319750157,-78.511168375,37.3542
35.31975824,-78.51116726,37.3557
35.319766346,-78.511166156,37.3582
35.319774422,-78.511165059,37.3669
35.319782511,-78.511163924,37.3737
35.319790639,-78.511162793,37.3756
35.319798732,-78.511161642,37.3786
35.319806801,-78.511160501,37.3903
35.319814868,-78.511159396,37.3922
35.319822951,-78.511158268,37.3939
35.319831015,-78.511157157,37.4051
35.319839092,-78.511156086,37.4047
35.319847148,-78.511155007,37.4176
35.319855207,-78.511153857,37.4224
35.31986329,-78.511152784,37.428
35.319871395,-78.511151696,37.4224
35.319879421,-78.511150596,37.4289
35.319887454,-78.511149531,37.4321
35.319895503,-78.511148398,37.4376
35.31990355,-78.511147374,37.443
35.319911596,-78.51114627,37.4497
35.319919646,-78.511145184,37.4598
35.319927705,-78.511144062,37.4616
35.319935731,-78.51114298,37.4681
35.319943751,-78.511141932,37.476
35.319951776,-78.511140857,37.4808
35.319959849,-78.511139716,37.4858
35.319967905,-78.511138602,37.4953
35.319975936,-78.511137517,37.4976
35.319983962,-78.511136421,37.5056
35.319991966,-78.511135299,37.5111
35.320000002,-78.511134214,37.5142
35.320008056,-78.51113311,37.5197
35.320016107,-78.511131992,37.5322
35.32002418,-78.511130918,37.5379
35.320032207,-78.511129806,37.5375
35.320040264,-78.511128685,37.5454
35.320048357,-78.511127614,37.5437
35.320056417,-78.511126537,37.5474
35.320064481,-78.511125428,37.5512
35.320072549,-78.511124313,37.5538
35.320080628,-78.51112321,37.5572
35.320088708,-78.511122102,37.5589
35.3200968,-78.511120967,37.5647
35.320104888,-78.511119859,37.5687
35.320112995,-78.511118743,37.5689
35.320121106,-78.511117603,37.5707
35.320129189,-78.511116508,37.5761
35.320137287,-78.511115398,37.5821
35.320145384,-78.511114254,37.5848
35.320153494,-78.511113098,37.5959
35.320161625,-78.51111195,37.5989
35.320169736,-78.511110794,37.607
35.320177846,-78.511109631,37.6183
35.320185946,-78.511108483,37.6243
35.32019407,-78.511107334,37.6291
35.32020218,-78.511106203,37.6385
35.320210329,-78.51110509,37.6379
35.320218429,-78.511103909,37.6467
35.320226539,-78.511102763,37.6512
35.320234618,-78.511101673,37.6669
35.320242737,-78.511100513,37.6668
35.320250856,-78.511099357,37.681
35.320258976,-78.511098214,37.6857
35.320267067,-78.511097057,37.6933
35.320275142,-78.511095867,37.7008
35.320283233,-78.511094674,37.7094
35.320291322,-78.51109349,37.7139
35.320299408,-78.511092241,37.7184
35.32030746,-78.511090992,37.7329
35.320315528,-78.511089793,37.7462
35.320323592,-78.511088509,37.7539
35.320331647,-78.511087288,37.7655
35.320339697,-78.511086057,37.778
35.320347744,-78.511084781,37.7889
35.320355775,-78.511083529,37.8012
35.320363806,-78.511082254,37.8112
35.320371853,-78.511081008,37.8241
35.320379898,-78.511079704,37.8385
35.320387946,-78.511078433,37.847
35.32039595,-78.511077134,37.8535
35.320403975,-78.511075877,37.8567
35.320411996,-78.511074572,37.8679
35.320420003,-78.511073277,37.8727
35.320428056,-78.51107199,37.8759
35.320436071,-78.511070634,37.895
35.32044411,-78.511069409,37.8915
35.32045215,-78.511068163,37.8912
35.3204602,-78.51106688,37.8943
35.320468284,-78.511065571,37.8966
35.320476333,-78.511064306,37.8992
35.320484384,-78.511063024,37.8954
35.320492447,-78.511061723,37.893
35.32050055,-78.511060453,37.8953
35.320508693,-78.511059213,37.8861
35.320516846,-78.511057922,37.8786
35.320524977,-78.511056647,37.8702
35.320533118,-78.511055361,37.8672
35.32054123,-78.511054111,37.861
35.320549332,-78.511052871,37.8632
35.320557494,-78.511051594,37.8587
35.320565697,-78.511050239,37.864
35.320573905,-78.511048905,37.865
35.320582086,-78.511047645,37.8592
35.320590278,-78.51104638,37.8538
35.320598503,-78.5110451,37.8491
35.320606748,-78.511043807,37.8456
35.320615012,-78.511042477,37.8336
35.320623269,-78.51104115,37.8258
35.320631542,-78.511039866,37.8122
35.320639773,-78.511038526,37.8016
35.320648034,-78.511037173,37.7883
35.320656309,-78.511035881,37.782
35.320664609,-78.511034666,37.7741
35.320672906,-78.511033407,37.7654
35.320681182,-78.511032148,37.7648
35.320689453,-78.51103091,37.7603
35.320697726,-78.511029651,37.7581
35.320706025,-78.511028439,37.762
35.320714338,-78.511027212,37.761
35.320722587,-78.511025959,37.7627
35.320730869,-78.51102476,37.7639
35.320739129,-78.511023524,37.7675
35.320747392,-78.511022327,37.7697
35.320755581,-78.511021072,37.7748
35.320763782,-78.511019852,37.7794
35.320772006,-78.511018647,37.7846
35.320780231,-78.511017409,37.785
35.32078842,-78.511016193,37.7896
35.32079658,-78.511014991,37.7897
35.320804743,-78.511013796,37.7916
35.320812897,-78.511012629,37.7921
35.320821047,-78.511011463,37.7899
35.320829186,-78.51101029,37.7891
35.320837323,-78.511009162,37.7876
35.32084544,-78.511007984,37.7848
35.320853577,-78.511006846,37.7848
35.32086172,-78.511005725,37.7799
35.320869857,-78.511004581,37.7741
35.320877965,-78.511003473,37.7731
35.320886082,-78.511002348,37.7666
35.320894211,-78.511001195,37.7641
35.32090233,-78.511000099,37.7564
35.320910448,-78.510998994,37.7513
35.320918567,-78.510997882,37.7542
35.320926699,-78.510996791,37.7475
35.320934838,-78.510995717,37.7459
35.320942964,-78.510994669,37.7449
35.320951091,-78.510993602,37.7428
35.320959212,-78.510992517,37.7383
35.320967343,-78.510991456,37.7315
35.320975477,-78.510990418,37.7308
35.320983618,-78.510989372,37.7299
35.320991756,-78.510988339,37.7304
35.320999896,-78.510987303,37.7236
35.321008047,-78.510986263,37.7207
35.321016193,-78.510985236,37.7159
35.321024347,-78.510984198,37.7151
35.321032504,-78.510983168,37.709
35.321040647,-78.510982142,37.7014
35.321048811,-78.51098112,37.6969
35.321056982,-78.510980125,37.6894
35.321065135,-78.510979085,37.6943
35.32107332,-78.510978099,37.688
35.32108148,-78.510977119,37.6867
35.321089649,-78.510976128,37.6798
35.321097814,-78.510975129,37.6772
35.32110599,-78.510974141,37.6705
35.321114198,-78.510973172,37.6684
35.321122368,-78.510972209,37.6647
35.321130542,-78.510971249,37.6641
35.321138728,-78.510970295,37.6579
35.321146929,-78.510969334,37.6574
35.321155103,-78.510968399,37.6609
35.321163282,-78.510967452,37.6617
35.321171464,-78.510966522,37.6589
35.321179641,-78.510965572,37.656
35.32118781,-78.510964611,37.6566
35.321195987,-78.51096365,37.6518
35.321204146,-78.510962667,37.646
35.3212123,-78.510961709,37.6413
35.32122046,-78.510960755,37.6375
35.321228638,-78.510959786,37.6441
35.321236777,-78.510958797,37.6385
35.321244932,-78.510957845,37.6351
35.321253073,-78.510956903,37.6334
35.32126122,-78.510955974,37.6295
35.321269358,-78.510955039,37.6273
35.321277512,-78.51095411,37.6231
35.321285658,-78.51095316,37.6223
35.321293799,-78.510952207,37.62
35.321301921,-78.510951264,37.6156
35.32131004,-78.510950275,37.6091
35.321318159,-78.510949298,37.6047
35.321326283,-78.510948306,37.6044
35.321334392,-78.510947345,37.6006
35.321342511,-78.510946356,37.5967
35.321350635,-78.510945374,37.5945
35.321358749,-78.510944432,37.5918
35.321366869,-78.510943439,37.5888
35.321374977,-78.510942461,37.5846
35.321383085,-78.510941495,37.5806
35.321391225,-78.510940518,37.5847
35.321399318,-78.510939549,37.5822
35.32140742,-78.510938587,37.5793
35.321415525,-78.510937606,37.5745
35.321423622,-78.510936631,37.5709
35.321431718,-78.510935637,37.5668
35.321439817,-78.510934629,37.5623
35.321447917,-78.510933634,37.5602
35.321456017,-78.510932632,37.5538
35.321464108,-78.510931601,37.5532
35.321472204,-78.510930587,37.5476
35.321480304,-78.510929578,37.5442
35.32148841,-78.510928552,37.5408
35.321496504,-78.510927538,37.535
35.321504631,-78.510926516,37.533
35.321512746,-78.510925473,37.528
35.321520859,-78.510924466,37.5245
35.321528964,-78.510923421,37.5217
35.321537084,-78.510922367,37.5179
35.321545201,-78.510921322,37.5128
35.321553333,-78.510920275,37.5198
35.321561464,-78.510919216,37.5161
35.321569588,-78.510918171,37.5133
35.321577727,-78.510917111,37.5048
35.321585871,-78.51091606,37.502
35.321594004,-78.510915021,37.4964
35.321602124,-78.510913974,37.4892
35.321610258,-78.510912938,37.4897
35.321618404,-78.510911869,37.4854
35.321626544,-78.510910797,37.4848
35.321634708,-78.510909733,37.4811
35.321642865,-78.510908656,37.4772
35.321651012,-78.510907561,37.473
35.32165916,-78.51090649,37.4712
35.321667322,-78.510905422,37.4672
35.321675484,-78.510904369,37.4623
35.321683641,-78.510903307,37.4585
35.321691808,-78.510902248,37.4562
35.321699967,-78.510901201,37.4517
35.321708152,-78.510900138,37.4473
35.32171633,-78.510899068,37.4552
35.321724506,-78.510898003,37.4525
35.321732673,-78.510896923,37.4503
35.321740848,-78.510895836,37.4455
35.321749042,-78.510894737,37.4414
35.321757236,-78.510893628,37.4382
35.321765417,-78.51089252,37.4381
35.321773581,-78.510891422,37.4351
35.321781778,-78.510890315,37.4302
35.321789977,-78.510889213,37.4252
35.321798165,-78.510888086,37.4223
35.321806358,-78.510886976,37.4163
35.32181455,-78.510885863,37.4139
35.321822739,-78.510884746,37.4094
35.32183094,-78.510883627,37.4056
35.321839139,-78.510882526,37.3996
35.321847342,-78.510881394,37.3957
35.321855539,-78.510880291,37.3906
35.321863741,-78.510879178,37.3864
35.321871937,-78.510878065,37.3828
35.321880175,-78.51087695,37.3783
35.321888374,-78.51087586,37.3764
35.32189658,-78.510874744,37.3691
35.321904777,-78.510873645,37.3664
35.321912974,-78.510872531,37.3653
35.321921181,-78.510871463,37.362
35.321929381,-78.510870361,37.356
35.32193756,-78.510869279,37.3547
35.321945765,-78.510868175,37.3488
35.321953942,-78.510867085,37.3481
35.321962119,-78.510866012,37.3491
35.321970311,-78.510864928,37.3479
35.321978485,-78.510863833,37.3459
35.321986671,-78.510862764,37.3445
35.321994843,-78.510861663,37.3419
35.322003018,-78.510860568,37.3386
35.322011187,-78.510859462,37.336
35.322019357,-78.510858325,37.335
35.322027519,-78.510857224,37.3317
35.322035663,-78.510856112,37.3296
35.322043816,-78.510855031,37.3231
35.322051967,-78.510853932,37.3181
35.322060117,-78.510852825,37.3162
35.322068251,-78.510851722,37.3132
35.322076407,-78.51085063,37.3062
35.322084548,-78.510849518,37.3035
35.322092681,-78.510848395,37.3017
35.322100818,-78.510847297,37.2984
35.322108959,-78.510846205,37.2929
35.322117088,-78.510845105,37.2888
35.322125206,-78.51084398,37.287
35.322133344,-78.510842859,37.2813
35.322141477,-78.510841721,37.2799
35.322149596,-78.510840586,37.2751
35.322157709,-78.510839449,37.2681
35.322165818,-78.510838324,37.2651
35.322173945,-78.510837188,37.26
35.32218205,-78.510836092,37.2598
35.322190174,-78.510834984,37.2586
35.322198274,-78.510833845,37.2567
35.322206403,-78.510832738,37.2546
35.322214513,-78.510831622,37.2567
35.322222625,-78.510830477,37.251
35.322230744,-78.510829359,37.2446
35.322238857,-78.510828218,37.2446
35.322246946,-78.510827056,37.2443
35.322255042,-78.510825907,37.2381
35.322263159,-78.510824752,37.2333
35.322271254,-78.510823602,37.232
35.322279354,-78.510822447,37.2284
35.322287457,-78.510821293,37.2228
35.32229555,-78.510820146,37.2169
35.322303633,-78.510818978,37.2128
35.322311728,-78.510817825,37.2079
35.322319811,-78.510816663,37.2035
35.322327901,-78.510815504,37.1985
35.322335977,-78.510814375,37.1958
35.322344049,-78.510813215,37.1924
35.322352135,-78.510812071,37.1885
35.322360223,-78.510810932,37.186
35.322368306,-78.510809796,37.1885
35.32237638,-78.51080864,37.1859
35.322384441,-78.510807494,37.1838
35.322392526,-78.510806356,37.1815
35.322400594,-78.510805213,37.1777
35.322408669,-78.510804082,37.1772
35.322416741,-78.51080294,37.1729
35.322424815,-78.510801801,37.1672
35.322432887,-78.510800677,37.1654
35.322440948,-78.510799532,37.1649
35.322448997,-78.510798405,37.1619
35.322457078,-78.510797261,37.1569
35.322465151,-78.510796115,37.1541
35.322473219,-78.510794973,37.1558
35.322481274,-78.51079382,37.1518
35.322489341,-78.510792666,37.1506
35.322497424,-78.510791533,37.1451
35.322505489,-78.510790382,37.1446
35.322513563,-78.510789242,37.143
35.322521628,-78.510788115,37.1416
35.322529751,-78.510786968,37.1312
35.322537832,-78.510785839,37.1331
35.322545914,-78.510784697,37.1307
35.32255399,-78.510783559,37.1291
35.322562086,-78.510782413,37.1279
35.322570164,-78.510781263,37.1263
35.322578254,-78.510780123,37.1263
35.322586354,-78.510779001,37.1243
35.322594434,-78.510777867,37.1247
35.322602538,-78.510776698,37.1221
35.322610646,-78.510775567,37.1226
35.322618752,-78.510774405,37.1193
35.322626856,-78.510773255,37.1172
35.322634958,-78.510772124,37.116
35.322643073,-78.510770963,37.1114
35.322651194,-78.510769822,37.1053
35.322659321,-78.5107687,37.1058
35.322667435,-78.510767566,37.1002
35.322675557,-78.510766452,37.0943
35.322683693,-78.510765324,37.0827
35.322691825,-78.510764205,37.0777
35.322699946,-78.510763062,37.0807
35.322708078,-78.510761933,37.0757
35.322716216,-78.510760806,37.0746
35.322724359,-78.510759667,37.0701
35.322732493,-78.510758527,37.07
35.322740642,-78.510757374,37.069
35.322748779,-78.510756253,37.0627
35.322756914,-78.510755136,37.0668
35.322765049,-78.510754011,37.0657
35.322773191,-78.510752889,37.0658
35.322781333,-78.510751785,37.0672
35.322789471,-78.51075067,37.0647
35.322797612,-78.510749533,37.0665
35.322805755,-78.510748397,37.065
35.322813894,-78.5107473,37.0653
35.322822026,-78.510746161,37.062
35.322830162,-78.510745039,37.0593
35.322838298,-78.510743942,37.0601
35.322846402,-78.510742852,37.0652
35.322854537,-78.510741743,37.0628
35.322862648,-78.510740651,37.0622
35.322870789,-78.510739552,37.0601
35.322878907,-78.510738432,37.06
35.322887038,-78.51073734,37.0586
35.322895172,-78.51073624,37.0592
35.322903301,-78.510735128,37.0545
35.322911411,-78.510734014,37.0564
35.322919537,-78.510732904,37.0545
35.322927657,-78.510731808,37.0541
35.32293578,-78.510730727,37.0547
35.322943904,-78.510729631,37.0512
35.322952027,-78.510728554,37.0502
35.322960162,-78.510727457,37.0482
35.322968285,-78.510726377,37.0463
35.322976412,-78.510725294,37.0433
35.32298453,-78.5107242,37.0419
35.32299265,-78.510723117,37.0374
35.323000783,-78.510722036,37.0309
35.323008903,-78.510720923,37.03
35.323017024,-78.510719826,37.0315
35.323025169,-78.510718732,37.0261
35.323033305,-78.510717648,37.0188
35.323041429,-78.510716523,37.0176
35.323049552,-78.510715391,37.0126
35.323057668,-78.510714268,37.0123
35.323065805,-78.510713145,37.0073
35.323073953,-78.510712053,37.0021
35.323082093,-78.510710934,36.9958
35.323090221,-78.510709818,36.9924
35.323098344,-78.51070871,36.9942
35.323106472,-78.51070759,36.9909
35.323114608,-78.510706447,36.9912
35.323122732,-78.510705302,36.9933
35.323130852,-78.510704182,36.9923
35.323138974,-78.510703052,36.997
35.323147085,-78.510701909,37.0011
35.323155197,-78.51070077,36.9995
35.323163298,-78.510699651,37.0021
35.323171432,-78.510698507,37.007
35.323179523,-78.510697345,37.0107
35.323187615,-78.510696208,37.0128
35.323195697,-78.510695069,37.0169
35.323203773,-78.510693937,37.0235
35.323211852,-78.510692814,37.0248
35.323219915,-78.510691686,37.0277
35.323227977,-78.510690572,37.0334
35.323236037,-78.510689449,37.0346
35.323244091,-78.510688347,37.0381
35.323252131,-78.510687227,37.0424
35.323260174,-78.510686099,37.0458
35.323268205,-78.510684988,37.0517
35.32327624,-78.510683876,37.0535
35.323284258,-78.510682762,37.0563
35.323292297,-78.510681628,37.0601
35.323300319,-78.510680499,37.0642
35.323308337,-78.510679351,37.0655
35.323316354,-78.510678207,37.0669
35.323324377,-78.510677094,37.0675
35.323332411,-78.510675909,37.0684
35.323340429,-78.510674784,37.0651
35.323348436,-78.510673651,37.069
35.323356444,-78.510672513,37.0706
35.323364461,-78.510671399,37.0728
35.32337249,-78.510670277,37.0766
35.323380503,-78.51066918,37.0795
35.323388511,-78.510668052,37.0849
35.323396523,-78.510666926,37.0909
35.323404559,-78.510665838,37.0978
35.323412592,-78.510664724,37.1029
35.323420615,-78.510663563,37.1076
35.32342864,-78.510662428,37.1113
35.323436659,-78.510661283,37.1208
35.323444699,-78.510660106,37.1183
35.323452747,-78.510658962,37.1223
35.323460775,-78.510657786,37.123
35.32346881,-78.510656592,37.1213
35.323476858,-78.510655435,37.1266
35.323484927,-78.510654222,37.1235
35.323493022,-78.510653008,37.1284
35.323501091,-78.510651809,37.1232
35.323509168,-78.510650626,37.1195
35.323517255,-78.510649393,37.1157
35.323525353,-78.510648178,37.1128
35.323533454,-78.510646921,37.1084
35.323541573,-78.510645702,37.1033
35.323549673,-78.510644458,37.0964
35.3235578,-78.510643204,37.0913
35.323565951,-78.510641973,37.085
35.323574087,-78.510640731,37.0793
35.323582248,-78.510639524,37.074
35.323590409,-78.510638287,37.0733
35.323598575,-78.510637021,37.0648
35.323606757,-78.510635777,37.068
35.323614912,-78.510634534,37.0636
35.323623109,-78.51063331,37.0598
35.323631286,-78.510632031,37.0574
35.323639488,-78.510630775,37.057
35.323647673,-78.510629517,37.0546
35.323655873,-78.510628266,37.0487
35.32366411,-78.510627028,37.046
35.323672304,-78.510625761,37.0445
35.323680519,-78.510624521,37.0363
35.323688713,-78.510623267,37.0358
35.323696922,-78.510622045,37.028
35.323705147,-78.510620786,37.0244
35.323713344,-78.51061954,37.0213
35.323721546,-78.51061829,37.0184
35.323729758,-78.510617041,37.0086
35.323737978,-78.510615801,37.0034
35.323746196,-78.510614564,36.9972
35.323754396,-78.510613336,36.9943
35.323762582,-78.510612122,36.9905
35.323770775,-78.510610908,36.988
35.32377897,-78.510609708,36.986
35.323787176,-78.510608455,36.9838
35.323795382,-78.51060719,36.9836
35.323803588,-78.510605943,36.9825
35.323811784,-78.51060469,36.978
35.323819983,-78.51060346,36.9734
35.323828171,-78.510602194,36.9686
35.323836342,-78.510600972,36.9614
35.323844527,-78.510599746,36.9554
35.323852721,-78.510598521,36.9478
35.323860915,-78.510597313,36.9406
35.32386913,-78.51059609,36.9323
35.323877302,-78.510594878,36.9232
35.323885449,-78.510593675,36.9166
35.323893619,-78.510592483,36.9045
35.323901838,-78.510591256,36.8992
35.32391006,-78.510590024,36.8969
35.32391828,-78.510588765,36.883
35.323926483,-78.510587513,36.8693
35.323934712,-78.510586251,36.8566
35.323942925,-78.510584996,36.8426
35.323951143,-78.510583757,36.8306
35.323959364,-78.510582486,36.8159
35.323967623,-78.510581207,36.8008
35.323975879,-78.510579948,36.7881
35.323984098,-78.510578654,36.7759
35.323992375,-78.510577395,36.762
35.324000663,-78.510576131,36.7445
35.324008951,-78.510574851,36.7268
35.324017238,-78.510573591,36.7131
35.324025534,-78.510572329,36.696
35.324033814,-78.51057107,36.6834
35.324042103,-78.510569785,36.67
35.3240504,-78.510568518,36.654
35.324058701,-78.510567248,36.6453
35.324066987,-78.510565991,36.6331
35.324075289,-78.510564724,36.619
35.324083596,-78.510563494,36.6076
35.324091896,-78.510562192,36.5978
35.324100179,-78.510560943,36.5848
35.324108455,-78.510559641,36.5761
35.324116741,-78.51055841,36.5546
35.324125004,-78.510557105,36.5307
35.324133252,-78.510555841,36.5258
35.324141532,-78.510554644,36.5252
35.324149757,-78.510553392,36.5148
35.324157993,-78.510552097,36.4981
35.324166191,-78.510550837,36.4915
35.324174409,-78.51054965,36.483
35.324182601,-78.510548385,36.4802
35.324190806,-78.510547194,36.4674
35.32419899,-78.510545965,36.463
35.324207164,-78.510544749,36.4595
35.324215317,-78.510543538,36.4521
35.324223463,-78.510542291,36.4443
35.324231614,-78.510541076,36.4367
35.324239741,-78.510539829,36.4308
35.324247844,-78.510538629,36.4217
35.324255938,-78.510537408,36.415
35.324264012,-78.510536261,36.4107
35.324272136,-78.510535048,36.407
35.324280231,-78.510533832,36.4035
35.324288304,-78.510532637,36.3992
35.324296354,-78.510531499,36.3949
35.324304417,-78.510530342,36.3897
35.324312488,-78.510529175,36.3851
35.324320575,-78.51052801,36.3822
35.324328631,-78.51052682,36.3793
35.324336646,-78.510525666,36.3712
35.324344685,-78.510524516,36.3653
35.32435274,-78.510523347,36.3622
35.324360779,-78.510522174,36.3556
35.324368812,-78.510521009,36.3505
35.324376846,-78.510519861,36.3442
35.324384901,-78.510518704,36.3418
35.32439293,-78.510517564,36.3364
35.324400969,-78.510516407,36.3297
35.324408996,-78.510515286,36.3286
35.324417012,-78.510514177,36.3199
35.324425055,-78.510513049,36.3177
35.32443308,-78.510511936,36.3136
35.324441116,-78.51051084,36.311
35.324449164,-78.510509707,36.3108
35.324457188,-78.510508634,36.3081
35.324465227,-78.510507506,36.3044
35.324473251,-78.510506402,36.3069
35.324481294,-78.510505296,36.3047
35.324489337,-78.510504208,36.2979
35.324497387,-78.510503107,36.2954
35.324505421,-78.510502035,36.293
35.324513473,-78.510500943,36.2879
35.324521528,-78.510499834,36.2849
35.324529594,-78.510498733,36.2812
35.32453765,-78.510497633,36.2757
35.324545707,-78.51049654,36.2664
35.324553783,-78.510495457,36.2607
35.324561861,-78.510494369,36.255
35.324569943,-78.510493315,36.2466
35.324578041,-78.510492267,36.2386
35.324586122,-78.510491218,36.2306
35.324594192,-78.510490159,36.2306
35.324602311,-78.510489154,36.2183
35.324610405,-78.510488097,36.2078
35.324618505,-78.510487006,36.2056
35.324626637,-78.51048598,36.2038
35.324634773,-78.51048496,36.2014
35.324642877,-78.510483847,36.1896
35.32465101,-78.510482802,36.1774
35.324659115,-78.510481778,36.1741
35.324667239,-78.510480738,36.1726
35.324675404,-78.510479757,36.1641
35.324683566,-78.510478721,36.1532
35.324691722,-78.510477686,36.1436
35.324699843,-78.510476716,36.1348
35.324707988,-78.51047571,36.125
35.324716137,-78.510474701,36.1203
35.32472429,-78.510473718,36.1153
35.32473244,-78.510472727,36.1119
35.324740601,-78.510471724,36.1087
35.324748727,-78.510470781,36.1045
35.324756877,-78.510469776,36.1006
35.324765079,-78.510468749,36.0985
35.324773247,-78.510467733,36.0957
35.324781366,-78.510466775,36.0918
35.324789497,-78.510465805,36.087
35.324797666,-78.510464857,36.0723
35.32480581,-78.510463842,36.0716
35.324813968,-78.510462844,36.0725
35.324822098,-78.510461861,36.0652
35.324830228,-78.510460896,36.06
35.324838364,-78.510459907,36.0542
35.324846504,-78.510458902,36.0468
35.324854646,-78.510457908,36.0391
35.32486278,-78.510456925,36.0324
35.32487089,-78.510455894,36.028
35.324879019,-78.51045492,36.014
35.324887162,-78.510453903,36.0037
35.324895281,-78.510452912,35.9954
35.324903391,-78.510451854,35.9941
35.324911499,-78.510450802,35.9868
35.324919598,-78.51044976,35.9823
35.324927752,-78.510448767,35.9706
35.324935871,-78.51044771,35.9677
35.324943992,-78.510446672,35.9662
35.324952106,-78.510445585,35.9622
35.324960211,-78.51044452,35.963
35.324968307,-78.510443447,35.9629
35.32497644,-78.510442375,35.9558
35.324984548,-78.510441293,35.9594
35.324992644,-78.510440162,35.9646
35.325000781,-78.510439205,35.9441
35.325008928,-78.510438159,35.9341
35.325017014,-78.510437047,35.9365
35.325025138,-78.510435983,35.9297
35.325033213,-78.510434898,35.9265
35.325041297,-78.510433834,35.9242
35.325049416,-78.510432797,35.9154
35.325057548,-78.510431722,35.91
35.325065622,-78.510430663,35.9141
35.325073748,-78.510429634,35.9079
35.325081857,-78.510428565,35.9045
35.325089946,-78.510427435,35.9044
35.325098071,-78.510426383,35.8932
35.325106156,-78.510425251,35.883
35.325114279,-78.510424216,35.8775
35.325122415,-78.510423166,35.8892
35.325130516,-78.510422139,35.8865
35.325146745,-78.510419998,35.8754
35.325154883,-78.510418986,35.8661
35.32516298,-78.510417956,35.8616
35.325171064,-78.510416853,35.8572
35.325179175,-78.510415828,35.855
35.32518726,-78.51041476,35.856
35.325195372,-78.510413719,35.8457
35.325203477,-78.510412688,35.848
35.325211583,-78.510411612,35.8463
35.325219698,-78.51041055,35.8517
35.325227796,-78.51040946,35.8507
35.325235839,-78.510408469,35.86
35.325243881,-78.510407517,35.8612
35.325252047,-78.510406355,35.8618
35.325260224,-78.51040528,35.8618
35.325268297,-78.510404385,35.8666
35.325276176,-78.510403378,35.8646
35.325284121,-78.510402282,35.8581
35.325292165,-78.510401307,35.8557
35.32530016,-78.510400244,35.8629
35.325308009,-78.51039921,35.8521
35.325315746,-78.510398233,35.8452
35.325323503,-78.510397263,35.8305
35.325331257,-78.510396185,35.8279
35.32533895,-78.510395215,35.82
35.325346585,-78.510394191,35.8183
35.32535413,-78.510393198,35.8128
35.325361659,-78.510392171,35.8016
35.325369188,-78.510391196,35.7938
35.325376668,-78.510390171,35.7929
35.325384081,-78.51038922,35.7832
35.325391444,-78.510388243,35.7756
35.325398699,-78.510387199,35.7723
35.325405958,-78.510386231,35.7654
35.325413217,-78.510385271,35.7669
35.325420457,-78.510384298,35.763
35.325427636,-78.510383237,35.7587
35.325434723,-78.510382186,35.7712
35.32544173,-78.51038126,35.7605
35.32544872,-78.510380278,35.7524
35.325455684,-78.510379374,35.7537
35.325462638,-78.51037833,35.7526
35.325469595,-78.510377336,35.7376
35.325476486,-78.510376381,35.7413
35.325483349,-78.510375407,35.7308
35.325490153,-78.51037452,35.7342
35.32549702,-78.510373554,35.7185
35.325503833,-78.510372607,35.7238
35.325510679,-78.510371681,35.7231
35.325517451,-78.510370726,35.7155
35.325524207,-78.510369893,35.7203
35.325530943,-78.510369057,35.7149
35.325537708,-78.510368218,35.7142
35.325544455,-78.510367392,35.7209
35.325551148,-78.510366691,35.7185
35.325557794,-78.510366046,35.7104
35.325564418,-78.510365562,35.7164
35.325570997,-78.510364917,35.7246
35.325577597,-78.51036451,35.7207
35.325584107,-78.51036419,35.7116
35.325590591,-78.51036386,35.7117
35.325597082,-78.51036372,35.6998
35.325603555,-78.510363638,35.7066
35.325609981,-78.510363604,35.7055
35.325616338,-78.510363618,35.6977
35.325622675,-78.510363744,35.6915
35.325629013,-78.510363902,35.6857
35.325635335,-78.510364207,35.6907
35.325641574,-78.510364519,35.6808
35.325647804,-78.510364917,35.6756
35.325653981,-78.510365388,35.6725
35.325660147,-78.510365963,35.6693
35.325666276,-78.510366598,35.6705
35.325672373,-78.510367305,35.6603
35.325678457,-78.510368106,35.657
35.32568449,-78.510368967,35.6549
35.325690463,-78.510369965,35.6404
35.325696414,-78.510370873,35.6445
35.325702323,-78.510371962,35.6359
35.32570817,-78.510373153,35.6291
35.325713994,-78.51037439,35.6249
35.325719771,-78.510375716,35.6179
35.325725526,-78.510377204,35.6134
35.325731279,-78.510378705,35.6174
35.325736943,-78.510380212,35.6093
35.325742601,-78.510381789,35.6135
35.325748174,-78.510383573,35.6061
35.325753692,-78.510385479,35.5989
35.325759197,-78.510387397,35.5918
35.325764674,-78.510389322,35.5873
35.325770062,-78.510391367,35.5797
35.3257754,-78.510393541,35.5686
35.325780708,-78.51039585,35.5558
35.325785966,-78.510398184,35.5543
35.325791174,-78.510400505,35.5516
35.325796284,-78.510402892,35.5445
35.325801341,-78.510405405,35.5372
35.325806379,-78.510408012,35.5397
35.32581135,-78.510410757,35.5404
35.325816215,-78.510413588,35.5367
35.325821017,-78.510416529,35.5391
35.325825757,-78.510419502,35.5439
35.325830385,-78.510422607,35.5417
35.325834943,-78.510425737,35.5429
35.325839438,-78.510429079,35.536
35.325843833,-78.510432459,35.5427
35.325848161,-78.510435835,35.5393
35.325852406,-78.510439313,35.5461
35.325856585,-78.510442855,35.5528
35.325860656,-78.510446565,35.55
35.325864693,-78.510450314,35.5597
35.325868651,-78.510454152,35.5661
35.325872524,-78.510458071,35.575
35.325876277,-78.510462097,35.5783
35.32587997,-78.510466167,35.5743
35.325883585,-78.510470315,35.5745
35.3258871,-78.510474515,35.5814
35.325890533,-78.510478878,35.5842
35.325893841,-78.510483273,35.5876
35.325897095,-78.510487696,35.5921
35.325900242,-78.510492201,35.5935
35.325903283,-78.510496806,35.6001
35.325906231,-78.510501465,35.6068
35.325909051,-78.510506244,35.6043
35.32591181,-78.510511005,35.6066
35.325914501,-78.510515837,35.6072
35.325917099,-78.510520752,35.6038
35.325919588,-78.510525677,35.6138
35.325921975,-78.510530666,35.6121
35.325924268,-78.510535709,35.616
35.325926491,-78.510540787,35.6177
35.325928618,-78.510545916,35.618
35.325930662,-78.510551045,35.6169
35.325932645,-78.510556227,35.619
35.325934529,-78.510561462,35.6178
35.325936321,-78.510566689,35.6233
35.325938045,-78.510571946,35.6181
35.32593974,-78.510577222,35.6218
35.325941296,-78.51058251,35.6169
35.325942809,-78.510587799,35.6221
35.325944224,-78.510593142,35.6216
35.325945563,-78.51059849,35.6223
35.325946829,-78.510603852,35.6238
35.325948001,-78.510609206,35.6256
35.325949149,-78.510614593,35.6269
35.32595019,-78.51061999,35.6279
35.325951186,-78.510625382,35.629
35.325952086,-78.510630783,35.6293
35.325952924,-78.510636179,35.6316
35.32595368,-78.510641581,35.6353
35.325954392,-78.510646958,35.6346
35.325955022,-78.510652333,35.6307
35.32595566,-78.510657716,35.6341
35.325956236,-78.510663091,35.6282
35.325956788,-78.510668436,35.6301
35.325957298,-78.510673765,35.6331
35.325957745,-78.510679051,35.6407
35.325958194,-78.510684234,35.6385
35.325958594,-78.510689395,35.6376
35.325958953,-78.510694461,35.6386
35.325959272,-78.510699428,35.6401
35.325959606,-78.510704307,35.6419
35.325959904,-78.510709036,35.6406
35.325960175,-78.510713668,35.6373
35.325960426,-78.510718158,35.6384
35.325960649,-78.510722558,35.6306
35.325960865,-78.510726806,35.634
35.325961074,-78.510730933,35.6341
35.32596126,-78.510734935,35.6361
35.325961464,-78.510738845,35.6308
35.325961646,-78.510742591,35.6283
35.325961798,-78.51074625,35.6321
35.325961957,-78.510749733,35.633
35.325962097,-78.51075316,35.6256
35.325962251,-78.510756488,35.6303
35.325962388,-78.510759725,35.6293
35.325962491,-78.510762891,35.6259
35.325962592,-78.510766022,35.6363
35.325962653,-78.510769039,35.637
35.325962703,-78.510771941,35.6352
35.32596276,-78.510774785,35.6322
35.325962803,-78.510777554,35.6302
35.325962844,-78.510780259,35.6359
35.325962875,-78.510782877,35.6307
35.325962888,-78.51078541,35.6334
35.325962911,-78.510787811,35.6324
35.325962925,-78.51079012,35.6322
35.325962924,-78.510792293,35.6336
35.325962929,-78.510794365,35.6311
35.325962929,-78.510796321,35.6325
35.32596293,-78.510798147,35.6342
35.325962925,-78.510799867,35.6368
35.325962937,-78.510801458,35.6369
35.325962927,-78.510802915,35.6395
35.325962922,-78.510804257,35.64
35.325962912,-78.510805454,35.646
35.325962921,-78.510806565,35.6474
35.325962909,-78.510807666,35.6451
35.32596295,-78.510808794,35.6476
35.325962938,-78.510809959,35.6444
35.325962932,-78.510811136,35.6497
35.32596293,-78.51081229,35.651
35.325962922,-78.51081349,35.6496
35.32596291,-78.510814695,35.6482
35.32596291,-78.510815909,35.6509
35.325962885,-78.510817189,35.6513
35.325962861,-78.510818456,35.6504
35.325962862,-78.510819729,35.6552
35.325962859,-78.510821003,35.6536
35.325962864,-78.510822298,35.6562
35.325962846,-78.510823621,35.6617
35.325962822,-78.510824966,35.6637
35.325962829,-78.510826333,35.6608
35.325962802,-78.510827721,35.6645
35.325962798,-78.510829097,35.6643
35.325962813,-78.510830495,35.6644
35.325962834,-78.510831877,35.664
35.325962822,-78.510833279,35.665
35.325962827,-78.510834658,35.6653
35.325962861,-78.510836006,35.6689
35.325962936,-78.510837355,35.6706
35.325962995,-78.510838681,35.6715
35.325963052,-78.510840009,35.6721
35.325963121,-78.510841316,35.6691
35.325963206,-78.510842668,35.6681
35.32596328,-78.510844038,35.6679
35.325963368,-78.51084536,35.6713
35.325963479,-78.510846704,35.6732
